student_id,student_name,department,semester,cgpa,tenth_percentage,twelfth_percentage,backlogs,programming_languages,frameworks,verified_certifications,python_skill,java_skill,sql_skill,react_skill,aws_skill,dsa_skill,certifications_count,projects_count,project_complexity,open_source_contributions,internships_count,aptitude_score,quantitative_aptitude_score,logical_aptitude_score,coding_score,communication_score,verbal_fluency_score,interview_score,presentation_score,hackathons_participated,leadership_roles,tech_society_participation,target_role,placement_probability,placement_status,missing_skills,recommended_courses,roadmap_weeks,placement_outcome
STU0001,Vedant Kumar,AI&DS,6,7.56,72.7,72.3,1,Java,React,Python Certificate,0,1,1,1,0,0,1,1,2,4,0,54,53,53,45,79,76,66,80,0,0,0,QA Engineer,18.4,Needs Training,Java|Selenium|API Testing|Automation Testing,Java for Test Automation|Automation Testing with Selenium|Postman & REST API Testing|Mastering Test Automation & Frameworks,10,Not Placed
STU0002,Aditi Yadav,Mechanical,7,6.87,83.9,61.8,1,Python,Git,,0,0,0,0,0,0,0,2,2,6,0,55,59,48,46,79,74,67,73,0,0,0,QA Engineer,18.8,Needs Training,Java|Selenium|API Testing|Automation Testing,Java for Test Automation|Automation Testing with Selenium|Postman & REST API Testing|Mastering Test Automation & Frameworks,10,Not Placed
STU0003,Kavya Nair,IT,8,6.84,67.0,72.5,0,Python|Java|C++,React|Pandas,Python Certificate|SQL Certificate|Cloud Certificate|DSA Certificate,2,1,1,1,1,2,4,2,3,6,0,62,65,61,55,82,80,74,75,0,1,0,QA Engineer,60.0,Near Ready,Java|API Testing,Java for Test Automation|Postman & REST API Testing,6,Placed
STU0004,Harsh Singh,IT,7,8.13,80.8,76.5,0,Python|Java|C++,React|Spring Boot,,1,2,2,2,1,2,0,6,4,11,0,69,71,72,64,85,84,81,84,3,0,2,Full Stack Developer,68.4,Near Ready,Advanced interview practice,Advanced Placement Interview Mastery,4,Placed
STU0005,Ishaan Kumar,CSE,8,7.1,88.5,77.2,0,Python|Java|C++,React|Spring Boot|Pandas,Python Certificate|SQL Certificate|Cloud Certificate|DSA Certificate,2,2,3,1,1,2,4,5,4,11,2,76,73,76,72,88,85,87,87,2,2,1,Full Stack Developer,80.0,Ready,React,Meta Front-End Development,4,Placed
STU0006,Zoya Yadav,CSE,7,6.7,72.2,69.9,0,Python|Java,React,Python Certificate|SQL Certificate,1,1,2,1,1,1,2,4,3,8,0,55,57,53,47,79,77,67,74,0,0,0,Full Stack Developer,15.8,Needs Training,React|Java|DSA,Meta Front-End Development|Java Programming & Spring Boot|Data Structures & Algorithms,8,Not Placed
STU0007,Shreya Gupta,CSE,7,9.16,89.4,85.2,1,Python|Java|C++,React|Spring Boot|Pandas|AWS,Python Certificate|SQL Certificate|Cloud Certificate,3,3,2,2,2,3,3,4,3,12,3,83,83,82,81,91,91,94,91,2,1,1,Full Stack Developer,95.5,Ready,Advanced interview practice,Advanced Placement Interview Mastery,4,Placed
STU0008,Tanvi Das,ECE,8,7.69,69.3,76.5,0,Python|Java,React,Python Certificate,1,1,1,1,0,1,1,7,4,12,2,61,62,59,55,82,78,73,78,0,0,0,Full Stack Developer,60.0,Near Ready,React|Java|DSA|MongoDB,Meta Front-End Development|Java Programming & Spring Boot|Data Structures & Algorithms|MongoDB Developer Path,10,Placed
STU0009,Aditya Sharma,IT,6,6.97,79.0,68.4,0,Python|Java,React|Pandas,Python Certificate,2,1,1,1,1,1,1,7,4,12,0,64,66,62,58,83,78,76,81,3,0,2,Full Stack Developer,60.0,Near Ready,React|Java|DSA|MongoDB,Meta Front-End Development|Java Programming & Spring Boot|Data Structures & Algorithms|MongoDB Developer Path,10,Placed
STU0010,Anish Reddy,IT,7,6.8,68.2,78.6,1,Python,React,,0,0,1,1,1,1,0,1,2,5,0,56,59,52,47,80,78,68,74,1,0,1,Data Analyst,12.3,Needs Training,Python|SQL|Statistics|Power BI,Python for Data Analysis|SQL & Database Fundamentals|Statistics for Data Analysis|Microsoft Power BI Data Analyst,10,Not Placed
STU0011,Harsh Agarwal,CSE,6,5.0,50.0,50.0,5,Python,React,,0,0,0,1,0,1,0,2,2,4,0,40,42,43,40,71,62,48,59,0,0,0,QA Engineer,5.0,Needs Training,Java|Selenium|API Testing|Automation Testing,Java for Test Automation|Automation Testing with Selenium|Postman & REST API Testing|Mastering Test Automation & Frameworks,10,Not Placed
STU0012,Utkarsh Sharma,Mechanical,8,8.51,91.0,84.3,0,Python|Java,React|Pandas,Python Certificate,2,1,2,2,0,1,1,2,3,8,1,75,79,78,72,88,88,87,88,1,0,1,Data Analyst,80.0,Ready,Power BI,Microsoft Power BI Data Analyst,4,Placed
STU0013,Siddharth Reddy,ECE,8,7.79,88.7,86.4,0,Python|Java,React,Python Certificate|SQL Certificate|Cloud Certificate|DSA Certificate,1,1,2,1,1,1,4,2,3,7,0,74,73,73,70,87,85,85,86,1,1,2,QA Engineer,70.4,Near Ready,Java,Java for Test Automation,4,Placed
STU0014,Aiswarya Pandey,CSE,5,7.01,76.0,69.0,0,Python|Java,React,Python Certificate,1,1,1,1,1,1,1,1,2,5,0,61,63,63,54,82,79,73,76,2,2,2,QA Engineer,60.0,Near Ready,Java|API Testing|Automation Testing,Java for Test Automation|Postman & REST API Testing|Mastering Test Automation & Frameworks,8,Placed
STU0015,Abhinav Bhat,CSE,7,7.07,79.7,80.7,0,Python|Java|C++,React|Pandas,Python Certificate,2,1,2,1,1,2,1,1,2,6,1,66,67,63,60,84,84,78,81,1,0,1,DevOps Engineer,60.0,Near Ready,AWS|Docker|Kubernetes,AWS Cloud Practitioner|Docker & Kubernetes Bootcamp|Kubernetes for DevOps,8,Placed
STU0016,Pranav Nair,CSE,8,8.34,87.5,72.3,0,Python|Java|C++,React|Spring Boot|Pandas,Python Certificate,2,2,2,2,1,2,1,1,2,8,1,71,73,69,66,86,87,83,82,1,1,1,QA Engineer,81.1,Ready,API Testing|Automation Testing,Postman & REST API Testing|Mastering Test Automation & Frameworks,6,Placed
STU0017,Rahul Deshmukh,AI&DS,6,6.37,66.6,69.6,0,Python|Java,Spring Boot|Pandas,Python Certificate,2,2,1,0,0,1,1,1,2,3,0,46,51,49,40,75,68,58,68,0,0,0,QA Engineer,21.1,Needs Training,Selenium|API Testing|Automation Testing,Automation Testing with Selenium|Postman & REST API Testing|Mastering Test Automation & Frameworks,8,Not Placed
STU0018,Kavya Pillai,AI&DS,7,6.85,78.3,70.3,0,Python|Java,Pandas|AWS,,2,1,1,0,2,1,0,4,3,8,3,58,60,54,51,81,77,71,75,1,0,1,DevOps Engineer,60.0,Near Ready,Docker|Kubernetes,Docker & Kubernetes Bootcamp|Kubernetes for DevOps,6,Placed
STU0019,Aarav Jain,AI&DS,8,8.31,82.9,78.6,0,Python|Java|C++,React|Pandas,Python Certificate|SQL Certificate|Cloud Certificate,2,1,2,2,1,2,3,7,4,14,1,74,75,73,71,87,83,86,88,4,0,2,Full Stack Developer,80.0,Ready,Java,Java Programming & Spring Boot,4,Placed
STU0020,Chaitanya Thakur,CSE,5,5.52,74.5,61.9,1,Python,React,,1,0,0,1,0,1,0,1,2,3,1,50,51,49,40,77,74,62,67,0,0,0,QA Engineer,7.4,Needs Training,Java|Selenium|API Testing|Automation Testing,Java for Test Automation|Automation Testing with Selenium|Postman & REST API Testing|Mastering Test Automation & Frameworks,10,Not Placed
STU0021,Priya Mehta,IT,7,7.64,82.0,82.5,0,Python|Java|C++,React|Spring Boot|Pandas,Python Certificate|SQL Certificate|Cloud Certificate,2,2,1,1,1,2,3,6,3,11,3,68,69,68,63,85,79,80,82,0,0,0,Full Stack Developer,80.0,Ready,React|MongoDB,Meta Front-End Development|MongoDB Developer Path,6,Placed
STU0022,Kavya Singh,CSE,6,6.12,68.1,59.3,0,Python,React|Pandas,,2,0,1,1,0,0,0,3,2,6,0,48,50,49,40,77,73,61,65,0,0,1,DevOps Engineer,7.6,Needs Training,AWS|Docker|Kubernetes,AWS Cloud Practitioner|Docker & Kubernetes Bootcamp|Kubernetes for DevOps,8,Not Placed
STU0023,Gaurav Jain,CSE,8,9.28,75.4,74.7,0,Python|Java,React|Pandas,Python Certificate,2,1,1,1,1,1,1,3,3,8,1,70,75,73,66,86,83,82,85,1,1,1,Data Analyst,62.4,Near Ready,SQL|Power BI,SQL & Database Fundamentals|Microsoft Power BI Data Analyst,6,Placed
STU0024,Meera Kumar,AI&DS,8,6.91,79.1,73.4,0,Python|Java|C++,React,Python Certificate|SQL Certificate,1,1,1,1,0,2,2,1,2,6,0,64,67,62,58,83,80,76,76,0,2,1,QA Engineer,60.0,Near Ready,Java|API Testing|Automation Testing,Java for Test Automation|Postman & REST API Testing|Mastering Test Automation & Frameworks,8,Placed
STU0025,Anish Rao,AI&DS,8,6.62,60.9,53.4,1,Python,Git,,1,0,0,0,0,1,0,0,1,4,0,45,48,43,40,75,67,58,70,0,0,1,Data Analyst,5.0,Needs Training,Python|SQL|Statistics|Power BI,Python for Data Analysis|SQL & Database Fundamentals|Statistics for Data Analysis|Microsoft Power BI Data Analyst,10,Not Placed
STU0026,Ankit Shah,ECE,7,9.16,84.1,96.4,0,Python|Java|C++,React|AWS,Python Certificate,1,1,3,1,2,2,1,4,3,11,2,79,76,83,76,89,91,90,87,2,2,2,Data Analyst,91.1,Ready,Python|Power BI,Python for Data Analysis|Microsoft Power BI Data Analyst,6,Placed
STU0027,Neha Kulkarni,CSE,8,6.91,68.0,65.0,1,Python|Java,Git,,1,1,1,0,0,1,0,1,2,4,1,56,55,56,48,80,77,68,77,0,0,0,QA Engineer,17.1,Needs Training,Java|Selenium|API Testing|Automation Testing,Java for Test Automation|Automation Testing with Selenium|Postman & REST API Testing|Mastering Test Automation & Frameworks,10,Not Placed
STU0028,Karan Pillai,AI&DS,8,7.57,66.2,72.7,0,Python|Java,React|Spring Boot,,1,2,1,1,0,1,0,0,1,5,2,55,57,56,46,79,78,67,74,1,0,1,QA Engineer,60.0,Near Ready,Selenium|API Testing|Automation Testing,Automation Testing with Selenium|Postman & REST API Testing|Mastering Test Automation & Frameworks,8,Placed
STU0029,Aditya Yadav,IT,6,7.89,90.2,78.1,0,Python|Java,React|Spring Boot,,1,2,2,1,1,1,0,2,3,7,0,67,69,65,62,84,81,79,81,1,1,1,Data Analyst,60.0,Near Ready,Python|Statistics|Power BI,Python for Data Analysis|Statistics for Data Analysis|Microsoft Power BI Data Analyst,8,Placed
STU0030,Rohan Bhat,CSE,8,8.84,93.8,79.4,0,Python|Java|C++,React|Spring Boot|Pandas|AWS,Python Certificate,2,2,2,2,2,2,1,2,2,8,0,79,79,80,76,89,88,90,91,5,1,2,QA Engineer,86.0,Ready,Automation Testing,Mastering Test Automation & Frameworks,4,Placed
STU0031,Anushka Kapoor,IT,5,6.46,79.5,65.8,1,Python|Java,React|Spring Boot,Python Certificate|SQL Certificate,1,2,1,1,0,1,2,1,2,5,2,53,55,51,43,78,75,65,76,0,0,1,QA Engineer,24.2,Needs Training,Selenium|API Testing|Automation Testing,Automation Testing with Selenium|Postman & REST API Testing|Mastering Test Automation & Frameworks,8,Not Placed
STU0032,Nishant Gupta,CSE,7,8.17,72.4,80.3,0,Python|Java,React,,1,1,3,1,1,1,0,2,2,8,1,65,66,67,60,84,83,77,83,0,0,1,Data Analyst,60.0,Near Ready,Python|Statistics|Power BI,Python for Data Analysis|Statistics for Data Analysis|Microsoft Power BI Data Analyst,8,Placed
STU0033,Siddharth Joshi,CSE,6,8.48,81.8,77.7,0,Python|Java|C++,React|Spring Boot|Pandas|AWS,Python Certificate|SQL Certificate|Cloud Certificate|DSA Certificate,2,2,2,1,2,2,4,4,3,11,1,70,72,70,65,85,87,81,82,5,2,3,Full Stack Developer,80.0,Ready,React,Meta Front-End Development,4,Placed
STU0034,Vedant Kulkarni,EEE,5,7.88,77.1,88.4,0,Python|Java,React|Spring Boot,Python Certificate|SQL Certificate|Cloud Certificate,1,2,2,1,0,1,3,1,2,6,0,73,74,70,69,87,84,85,85,2,2,1,QA Engineer,64.9,Near Ready,API Testing|Automation Testing,Postman & REST API Testing|Mastering Test Automation & Frameworks,6,Placed
STU0035,Nikhil Deshmukh,Mechanical,5,7.02,75.9,82.7,1,Python|Java|C++,React,Python Certificate|SQL Certificate,1,1,2,1,0,2,2,4,4,9,1,67,68,69,61,84,84,79,80,4,1,1,QA Engineer,60.0,Near Ready,Java|API Testing,Java for Test Automation|Postman & REST API Testing,6,Placed
STU0036,Divya Thakur,ECE,7,7.03,70.5,77.2,0,Python,Git,Python Certificate|SQL Certificate|Cloud Certificate|DSA Certificate,0,0,0,0,0,1,4,3,2,6,1,60,65,56,53,81,79,72,80,0,1,2,QA Engineer,60.0,Near Ready,Java|API Testing|Automation Testing,Java for Test Automation|Postman & REST API Testing|Mastering Test Automation & Frameworks,8,Placed
STU0037,Ananya Verma,AI&DS,6,6.27,77.6,64.8,0,Python,React,,0,0,1,1,1,1,0,1,2,5,0,55,57,51,46,79,79,67,79,0,0,0,QA Engineer,14.9,Needs Training,Java|Selenium|API Testing|Automation Testing,Java for Test Automation|Automation Testing with Selenium|Postman & REST API Testing|Mastering Test Automation & Frameworks,10,Not Placed
STU0038,Yash Nair,CSE,7,7.55,76.7,69.3,0,Python,React,Python Certificate,1,0,2,1,0,1,1,3,3,8,1,66,63,65,60,84,79,78,82,1,0,1,Data Analyst,60.0,Near Ready,Python|Statistics|Power BI,Python for Data Analysis|Statistics for Data Analysis|Microsoft Power BI Data Analyst,8,Placed
STU0039,Rishabh Joshi,IT,5,7.05,74.8,61.7,1,Python,Git,Python Certificate,1,0,1,0,0,1,1,2,2,6,0,52,54,52,43,78,77,64,74,0,0,0,QA Engineer,18.6,Needs Training,Java|Selenium|API Testing|Automation Testing,Java for Test Automation|Automation Testing with Selenium|Postman & REST API Testing|Mastering Test Automation & Frameworks,10,Not Placed
STU0040,Anish Chawla,AI&DS,6,5.0,57.6,50.0,2,Python,Git,,0,0,0,0,0,1,0,0,1,2,0,40,42,41,40,69,64,43,58,1,0,0,QA Engineer,5.0,Needs Training,Java|Selenium|API Testing|Automation Testing,Java for Test Automation|Automation Testing with Selenium|Postman & REST API Testing|Mastering Test Automation & Frameworks,10,Not Placed
STU0041,Harsh Chawla,CSE,7,7.92,93.0,82.2,0,Python|Java,React|Spring Boot|Pandas,Python Certificate|SQL Certificate,2,2,2,1,1,1,2,4,3,9,1,70,73,67,65,85,83,82,82,4,1,2,QA Engineer,81.5,Ready,API Testing,Postman & REST API Testing,4,Placed
STU0042,Ankit Rao,AI&DS,7,8.43,77.8,70.1,1,Python|Java|C++,React|Pandas|AWS,Python Certificate|SQL Certificate|Cloud Certificate,2,1,2,2,2,2,3,5,4,11,1,76,74,70,72,88,88,87,87,1,1,1,Data Analyst,80.0,Ready,Statistics,Statistics for Data Analysis,4,Placed
STU0043,Kavya Chowdhury,CSE,6,5.56,65.4,53.7,0,Python,React,,0,0,0,1,1,1,0,0,1,2,0,40,45,40,40,71,67,49,66,1,0,1,QA Engineer,5.0,Needs Training,Java|Selenium|API Testing|Automation Testing,Java for Test Automation|Automation Testing with Selenium|Postman & REST API Testing|Mastering Test Automation & Frameworks,10,Not Placed
STU0044,Vedant Shetty,EEE,7,5.37,75.7,66.9,0,Python,Git,,0,0,0,0,1,0,0,3,3,6,1,53,56,51,43,78,70,65,73,0,0,0,QA Engineer,11.3,Needs Training,Java|Selenium|API Testing,Java for Test Automation|Automation Testing with Selenium|Postman & REST API Testing,8,Not Placed
STU0045,Nikhil Patel,CSE,8,7.82,78.1,78.9,0,Python|Java|C++,React|Spring Boot|Pandas,Python Certificate|SQL Certificate,2,3,2,2,1,2,2,5,4,10,0,72,76,68,68,86,87,84,85,1,0,1,QA Engineer,80.0,Ready,API Testing,Postman & REST API Testing,4,Placed
STU0046,Nikhil Shah,IT,7,9.66,99.5,100.0,0,Python|Java|C++,React|Spring Boot|Pandas|AWS,Python Certificate|SQL Certificate,3,3,3,2,2,3,2,2,3,10,0,89,92,95,89,94,92,100,98,5,2,3,Data Analyst,97.5,Ready,Advanced interview practice,Advanced Placement Interview Mastery,4,Placed
STU0047,Gaurav Saxena,AI&DS,6,8.12,79.8,77.7,1,Python|Java,React|Pandas|AWS,Python Certificate|SQL Certificate|Cloud Certificate,2,1,2,1,2,1,3,3,3,8,1,65,65,67,59,83,83,77,80,1,0,1,DevOps Engineer,60.0,Near Ready,Docker|Kubernetes,Docker & Kubernetes Bootcamp|Kubernetes for DevOps,6,Placed
STU0048,Kavya Thakur,AI&DS,5,6.53,71.0,76.3,1,Python|Java,Spring Boot|Pandas,Python Certificate,2,2,2,0,0,1,1,3,3,7,0,56,58,54,48,80,79,68,76,0,1,0,QA Engineer,23.9,Needs Training,Selenium|API Testing,Automation Testing with Selenium|Postman & REST API Testing,6,Not Placed
STU0049,Zoya Pandey,AI&DS,8,6.38,72.4,72.1,0,Python|Java,Pandas,Python Certificate,2,1,1,0,0,1,1,3,3,7,0,63,63,60,56,82,79,74,74,0,0,1,QA Engineer,60.0,Near Ready,Java|API Testing,Java for Test Automation|Postman & REST API Testing,6,Placed
STU0050,Ananya Kulkarni,CSE,5,9.18,85.4,93.0,0,Python|Java|C++,React|Spring Boot|Pandas|AWS,Python Certificate|SQL Certificate,3,2,3,2,2,2,2,2,3,9,2,81,82,81,79,90,90,93,92,4,1,2,Data Analyst,93.2,Ready,Advanced interview practice,Advanced Placement Interview Mastery,4,Placed
STU0051,Vedant Patel,Mechanical,8,6.54,83.1,79.0,0,Python,Git,,1,0,1,0,0,0,0,1,2,6,0,57,61,53,49,80,76,69,74,1,0,1,QA Engineer,15.3,Needs Training,Java|Selenium|API Testing|Automation Testing,Java for Test Automation|Automation Testing with Selenium|Postman & REST API Testing|Mastering Test Automation & Frameworks,10,Not Placed
STU0052,Shreya Yadav,ECE,7,6.11,71.6,75.7,2,Python,React,,1,0,0,1,0,0,0,2,2,6,1,55,55,55,47,79,73,67,75,0,0,1,QA Engineer,11.2,Needs Training,Java|Selenium|API Testing|Automation Testing,Java for Test Automation|Automation Testing with Selenium|Postman & REST API Testing|Mastering Test Automation & Frameworks,10,Not Placed
STU0053,Isha Patel,EEE,8,6.71,78.0,64.1,0,Python|Java,Git,Python Certificate|SQL Certificate,1,1,1,0,0,0,2,1,2,5,1,59,61,55,51,81,76,71,81,0,1,0,QA Engineer,25.0,Needs Training,Java|Selenium|API Testing|Automation Testing,Java for Test Automation|Automation Testing with Selenium|Postman & REST API Testing|Mastering Test Automation & Frameworks,10,Not Placed
STU0054,Rohan Rao,EEE,7,6.45,66.4,64.9,0,Java,Git,,0,1,1,0,0,1,0,2,2,6,1,53,56,48,44,79,77,66,75,2,1,1,QA Engineer,21.0,Needs Training,Java|Selenium|API Testing|Automation Testing,Java for Test Automation|Automation Testing with Selenium|Postman & REST API Testing|Mastering Test Automation & Frameworks,10,Not Placed
STU0055,Kavya Kapoor,IT,8,7.32,75.1,74.0,1,Python|Java,React|Spring Boot|Pandas,,3,2,2,1,1,1,0,4,3,9,2,66,65,70,60,84,80,78,84,2,1,1,QA Engineer,67.2,Near Ready,API Testing,Postman & REST API Testing,4,Placed
STU0056,Vedant Thakur,EEE,6,8.02,96.4,92.6,0,Python|Java|C++,React,Python Certificate|SQL Certificate|Cloud Certificate,1,1,2,1,1,2,3,6,4,12,1,84,83,82,83,91,90,95,87,2,1,1,Full Stack Developer,80.0,Ready,React|Java,Meta Front-End Development|Java Programming & Spring Boot,6,Placed
STU0057,Siddharth Nair,CSE,7,8.27,73.8,82.0,1,Python|Java|C++,React|Pandas,Python Certificate|SQL Certificate|Cloud Certificate|DSA Certificate|Web Development Certificate,2,1,2,2,1,2,6,2,3,7,2,69,69,71,63,85,84,80,85,1,0,1,QA Engineer,66.3,Near Ready,Java|API Testing,Java for Test Automation|Postman & REST API Testing,6,Placed
STU0058,Zoya Mehta,CSE,7,7.89,73.9,67.7,0,Python|Java,React,,1,1,1,1,1,1,0,1,2,6,0,62,64,62,55,82,78,74,74,0,3,2,QA Engineer,60.0,Near Ready,Java|API Testing|Automation Testing,Java for Test Automation|Postman & REST API Testing|Mastering Test Automation & Frameworks,8,Placed
STU0059,Rishabh Jain,CSE,7,7.53,75.8,72.8,0,Python|Java,React,,1,1,1,1,1,1,0,2,2,6,0,61,63,60,54,82,79,73,79,0,0,0,QA Engineer,21.7,Needs Training,Java|API Testing|Automation Testing,Java for Test Automation|Postman & REST API Testing|Mastering Test Automation & Frameworks,8,Not Placed
STU0060,Akash Nair,AI&DS,7,5.37,66.1,50.0,0,Python|Java,React,,1,1,1,1,1,1,0,1,1,3,0,46,47,44,40,75,74,58,70,0,0,0,QA Engineer,5.7,Needs Training,Java|Selenium|API Testing|Automation Testing,Java for Test Automation|Automation Testing with Selenium|Postman & REST API Testing|Mastering Test Automation & Frameworks,10,Not Placed
STU0061,Aditya Pillai,AI&DS,8,8.28,84.2,91.6,0,Python|Java|C++,Spring Boot|Pandas,Python Certificate|SQL Certificate|Cloud Certificate,2,2,3,0,1,3,3,6,4,12,2,75,80,76,72,88,83,87,86,1,0,1,Full Stack Developer,80.0,Ready,React,Meta Front-End Development,4,Placed
STU0062,Manish Rao,CSE,8,7.42,79.4,71.2,1,Python|Java,React|Spring Boot|Pandas,Python Certificate|SQL Certificate|Cloud Certificate,2,3,2,1,1,1,3,0,2,5,1,64,65,63,57,83,79,76,78,2,1,1,QA Engineer,60.0,Near Ready,API Testing|Automation Testing,Postman & REST API Testing|Mastering Test Automation & Frameworks,6,Placed
STU0063,Kavya Gupta,ECE,7,7.62,80.0,73.7,0,Python|Java,React|Pandas,Python Certificate,2,1,1,1,0,0,1,2,2,7,0,63,66,60,56,82,78,74,75,0,0,0,QA Engineer,60.0,Near Ready,Java|API Testing|Automation Testing,Java for Test Automation|Postman & REST API Testing|Mastering Test Automation & Frameworks,8,Placed
STU0064,Gaurav Kapoor,AI&DS,7,10.0,100.0,100.0,0,Python|Java|C++,React|Spring Boot|Pandas|AWS,Python Certificate,3,3,3,3,2,3,1,6,4,15,1,100,100,100,100,99,99,100,99,6,1,3,Full Stack Developer,98.0,Ready,Advanced interview practice,Advanced Placement Interview Mastery,4,Placed
STU0065,Sneha Dutta,CSE,7,7.43,75.5,84.6,0,Python|Java|C++,React|Pandas,Python Certificate|SQL Certificate|Cloud Certificate,2,1,2,1,1,2,3,1,2,7,3,68,73,65,63,85,80,80,82,2,1,1,Full Stack Developer,60.0,Near Ready,React|Java|NodeJS|MongoDB,Meta Front-End Development|Java Programming & Spring Boot|Node.js Backend Development|MongoDB Developer Path,10,Placed
STU0066,Aiswarya Mehta,AI&DS,7,6.79,70.6,51.2,0,Python|Java,React,Python Certificate,1,1,0,1,0,1,1,3,2,7,1,56,56,53,47,80,79,68,72,0,0,1,QA Engineer,24.9,Needs Training,Java|Selenium|API Testing|Automation Testing,Java for Test Automation|Automation Testing with Selenium|Postman & REST API Testing|Mastering Test Automation & Frameworks,10,Not Placed
STU0067,Gaurav Pandey,CSE,6,7.3,80.6,71.1,0,Python,React|Pandas,,2,0,2,2,1,1,0,1,2,6,0,60,63,61,52,81,77,72,75,1,0,1,Data Analyst,60.0,Near Ready,Statistics|Power BI,Statistics for Data Analysis|Microsoft Power BI Data Analyst,6,Placed
STU0068,Sahil Rao,ECE,5,9.38,91.7,84.7,0,Java|C++,React|Spring Boot,Python Certificate,0,2,2,1,1,2,1,3,3,9,0,79,78,77,76,89,88,90,88,6,0,3,QA Engineer,87.3,Ready,Advanced interview practice,Advanced Placement Interview Mastery,4,Placed
STU0069,Vikas Chowdhury,CSE,6,7.97,72.0,73.3,0,Python|Java,React|Spring Boot|Pandas,,2,2,1,2,1,1,0,0,2,6,2,66,68,64,60,84,82,78,82,1,1,1,QA Engineer,62.3,Near Ready,API Testing|Automation Testing,Postman & REST API Testing|Mastering Test Automation & Frameworks,6,Placed
STU0070,Bhavya Iyer,Mechanical,6,6.46,68.3,72.4,1,Python,React,Python Certificate,0,0,1,1,1,0,1,0,1,3,0,47,52,45,40,76,71,60,69,0,0,1,QA Engineer,8.9,Needs Training,Java|Selenium|API Testing|Automation Testing,Java for Test Automation|Automation Testing with Selenium|Postman & REST API Testing|Mastering Test Automation & Frameworks,10,Not Placed
STU0071,Arjun Nair,ECE,6,8.46,75.5,77.9,1,Python|Java|C++,React|Spring Boot|Pandas,Python Certificate|SQL Certificate|Cloud Certificate,2,2,1,1,0,2,3,4,3,11,3,76,77,70,72,88,85,87,88,2,1,1,QA Engineer,83.1,Ready,Advanced interview practice,Advanced Placement Interview Mastery,4,Placed
STU0072,Ishaan Bhat,CSE,6,7.54,72.9,73.6,1,Java,Git,Python Certificate,0,1,1,0,0,1,1,0,2,4,0,57,57,56,49,80,77,69,76,1,0,1,QA Engineer,24.6,Needs Training,Java|Selenium|API Testing|Automation Testing,Java for Test Automation|Automation Testing with Selenium|Postman & REST API Testing|Mastering Test Automation & Frameworks,10,Not Placed
STU0073,Shreya Iyer,CSE,5,9.58,100.0,94.0,0,Python|Java|C++,React|Spring Boot|Pandas|AWS,Python Certificate|SQL Certificate|Cloud Certificate|DSA Certificate,2,3,3,3,3,2,4,4,3,12,3,87,85,90,87,93,94,99,91,3,0,2,Full Stack Developer,97.4,Ready,Advanced interview practice,Advanced Placement Interview Mastery,4,Placed
STU0074,Ishaan Deshmukh,ECE,5,8.15,81.9,92.3,0,Python|Java|C++,React,,1,1,2,3,0,2,0,1,2,7,1,78,75,78,75,89,89,89,89,1,0,0,Full Stack Developer,80.0,Ready,Java|NodeJS|MongoDB,Java Programming & Spring Boot|Node.js Backend Development|MongoDB Developer Path,8,Placed
STU0075,Priya Dutta,IT,8,7.75,70.2,67.0,0,Python|Java|C++,React,Python Certificate,1,1,1,1,1,2,1,1,3,6,2,59,60,56,52,81,79,71,73,1,1,1,QA Engineer,60.0,Near Ready,Java|Selenium|API Testing,Java for Test Automation|Automation Testing with Selenium|Postman & REST API Testing,8,Placed
STU0076,Tanvi Rao,IT,7,9.13,92.1,82.1,0,Python|Java|C++,React|Pandas,Python Certificate|SQL Certificate,2,1,3,1,1,2,2,1,3,8,2,80,81,83,78,90,89,92,88,3,2,2,Data Analyst,91.1,Ready,Advanced interview practice,Advanced Placement Interview Mastery,4,Placed
STU0077,Nikhil Nair,ECE,6,7.35,70.8,82.2,0,Java,React,Python Certificate|SQL Certificate,0,1,1,1,0,1,2,5,3,9,1,66,64,65,60,84,80,78,80,0,0,0,QA Engineer,60.0,Near Ready,Java|API Testing,Java for Test Automation|Postman & REST API Testing,6,Placed
STU0078,Arjun Agarwal,CSE,7,8.11,81.7,85.2,0,Python|Java,React|Spring Boot|Pandas,Python Certificate,2,2,2,2,1,1,1,2,2,8,2,75,81,71,71,88,83,87,90,1,2,1,Data Analyst,80.2,Ready,Power BI,Microsoft Power BI Data Analyst,4,Placed
STU0079,Sahil Gupta,AI&DS,6,8.13,84.9,70.1,0,Python|Java|C++,React|Pandas|AWS,Python Certificate,2,1,2,2,2,2,1,5,4,11,2,71,73,72,66,86,86,82,86,2,2,2,DevOps Engineer,80.0,Ready,Advanced interview practice,Advanced Placement Interview Mastery,4,Placed
STU0080,Karthik Verma,CSE,8,6.89,68.1,64.1,2,Python|Java,Git,Python Certificate,1,1,2,0,0,0,1,3,2,7,1,55,54,51,46,79,73,67,76,0,0,1,QA Engineer,24.4,Needs Training,Java|Selenium|API Testing|Automation Testing,Java for Test Automation|Automation Testing with Selenium|Postman & REST API Testing|Mastering Test Automation & Frameworks,10,Not Placed
STU0081,Anushka Singh,ECE,7,6.96,71.7,71.5,1,Python|Java,Git,Python Certificate,1,1,1,0,0,0,1,2,2,6,1,57,59,61,49,80,75,69,76,0,1,1,Data Analyst,22.1,Needs Training,Python|SQL|Statistics|Power BI,Python for Data Analysis|SQL & Database Fundamentals|Statistics for Data Analysis|Microsoft Power BI Data Analyst,10,Not Placed
STU0082,Vedant Patel,IT,5,8.69,90.0,89.3,0,Python|Java|C++,React|Spring Boot|Pandas,Python Certificate|SQL Certificate|Cloud Certificate|DSA Certificate,2,2,2,3,0,2,4,3,3,10,0,77,79,80,74,88,86,88,84,2,0,2,Full Stack Developer,85.5,Ready,NodeJS|MongoDB,Node.js Backend Development|MongoDB Developer Path,6,Placed
STU0083,Zoya Das,AI&DS,7,8.02,77.4,67.9,0,Python|Java,React|Pandas,,2,1,2,2,0,1,0,2,3,7,0,61,66,61,54,82,77,73,81,0,0,0,Data Analyst,60.0,Near Ready,Statistics|Power BI,Statistics for Data Analysis|Microsoft Power BI Data Analyst,6,Placed
STU0084,Utkarsh Gupta,CSE,8,7.63,76.1,53.9,0,Java,React,Python Certificate,0,1,1,2,1,1,1,1,2,6,1,60,64,57,53,81,78,72,83,1,0,0,QA Engineer,60.0,Near Ready,Java|API Testing|Automation Testing,Java for Test Automation|Postman & REST API Testing|Mastering Test Automation & Frameworks,8,Placed
STU0085,Nishant Rao,AI&DS,8,6.64,68.7,69.5,1,Java|C++,Spring Boot,,0,2,1,0,1,2,0,5,3,9,0,53,53,52,44,79,72,66,76,0,0,0,Full Stack Developer,10.8,Needs Training,React|MongoDB,Meta Front-End Development|MongoDB Developer Path,6,Not Placed
STU0086,Utkarsh Chowdhury,AI&DS,7,8.39,83.2,71.5,0,Python|Java|C++,React|Spring Boot|Pandas,Python Certificate,2,2,2,1,1,2,1,4,3,9,1,70,72,74,65,85,83,81,81,1,1,1,QA Engineer,80.0,Ready,API Testing,Postman & REST API Testing,4,Placed
STU0087,Sanjay Iyer,IT,7,9.05,93.9,81.5,0,Python|Java|C++,React|Spring Boot|Pandas|AWS,Python Certificate|SQL Certificate|Cloud Certificate,3,3,2,2,2,3,3,2,3,9,0,89,91,90,90,94,91,100,90,8,2,4,QA Engineer,94.5,Ready,Advanced interview practice,Advanced Placement Interview Mastery,4,Placed
STU0088,Siddharth Chawla,IT,6,6.63,71.7,50.0,1,Python|Java,React,,1,1,2,2,0,0,0,0,2,4,0,52,55,49,43,78,72,64,71,0,0,0,QA Engineer,18.2,Needs Training,Java|Selenium|API Testing|Automation Testing,Java for Test Automation|Automation Testing with Selenium|Postman & REST API Testing|Mastering Test Automation & Frameworks,10,Not Placed
STU0089,Aarav Saxena,EEE,8,8.43,75.7,80.1,1,Python,Pandas,Python Certificate,2,0,2,0,0,1,1,1,3,6,2,65,66,65,59,83,79,77,82,0,0,1,Data Analyst,60.0,Near Ready,Statistics|Power BI,Statistics for Data Analysis|Microsoft Power BI Data Analyst,6,Placed
STU0090,Deepak Kumar,AI&DS,6,8.8,88.4,88.5,0,Python|Java|C++,React|Spring Boot|Pandas|AWS,Python Certificate|SQL Certificate|Cloud Certificate|DSA Certificate|Web Development Certificate,2,2,3,3,2,3,6,1,2,8,3,82,82,85,80,90,88,93,91,1,3,2,Data Analyst,95.4,Ready,Advanced interview practice,Advanced Placement Interview Mastery,4,Placed
STU0091,Zoya Dutta,CSE,8,7.0,72.4,72.9,0,Python|Java,React|Pandas,Python Certificate,2,1,3,2,1,0,1,2,2,6,2,64,66,61,57,83,86,76,80,1,0,1,QA Engineer,60.0,Near Ready,Java|API Testing|Automation Testing,Java for Test Automation|Postman & REST API Testing|Mastering Test Automation & Frameworks,8,Placed
STU0092,Shreya Jain,IT,7,7.63,81.4,87.4,0,Python|Java,React|Spring Boot,Python Certificate|SQL Certificate,1,2,3,2,0,1,2,3,3,9,3,70,71,71,65,86,87,82,84,2,2,1,Data Analyst,80.0,Ready,Python|Statistics,Python for Data Analysis|Statistics for Data Analysis,6,Placed
STU0093,Kavya Jain,ECE,7,5.89,65.4,69.3,1,Python,React,Python Certificate,0,0,1,1,0,0,1,0,2,3,0,52,54,48,43,78,75,64,72,0,0,0,QA Engineer,9.2,Needs Training,Java|Selenium|API Testing|Automation Testing,Java for Test Automation|Automation Testing with Selenium|Postman & REST API Testing|Mastering Test Automation & Frameworks,10,Not Placed
STU0094,Vikas Mehta,IT,7,7.54,75.9,88.6,0,Python|Java|C++,React|Spring Boot|AWS,Python Certificate|SQL Certificate|Cloud Certificate|DSA Certificate,1,2,3,2,2,2,4,6,3,11,0,70,74,64,65,85,81,81,82,1,0,1,Full Stack Developer,60.0,Near Ready,Advanced interview practice,Advanced Placement Interview Mastery,4,Placed
STU0095,Anushka Joshi,ECE,6,7.13,77.8,65.0,0,Python|Java,Git,Python Certificate,1,1,1,0,1,1,1,1,2,5,0,62,65,59,56,82,79,74,75,1,0,1,QA Engineer,60.0,Near Ready,Java|API Testing|Automation Testing,Java for Test Automation|Postman & REST API Testing|Mastering Test Automation & Frameworks,8,Placed
STU0096,Priya Patel,AI&DS,6,7.78,86.9,83.7,0,Python|Java|C++,React|Spring Boot|Pandas,Python Certificate|SQL Certificate,2,2,2,1,1,2,2,2,2,9,2,77,79,77,73,88,83,88,85,0,1,1,QA Engineer,80.0,Ready,Automation Testing,Mastering Test Automation & Frameworks,4,Placed
STU0097,Rohan Sharma,AI&DS,6,8.7,91.4,76.0,0,Python|Java|C++,React|Spring Boot|Pandas,Python Certificate|SQL Certificate|Cloud Certificate,2,2,3,3,1,2,3,2,3,9,2,79,81,75,76,89,84,90,88,3,1,2,Data Analyst,89.9,Ready,Advanced interview practice,Advanced Placement Interview Mastery,4,Placed
STU0098,Deepak Dutta,AI&DS,6,10.0,96.6,96.9,0,Python|Java|C++,React|Spring Boot|Pandas|AWS,Python Certificate|SQL Certificate|Cloud Certificate|DSA Certificate|Web Development Certificate,2,3,3,3,3,3,5,5,4,14,2,96,99,98,97,96,93,100,94,4,2,3,Full Stack Developer,98.0,Ready,Advanced interview practice,Advanced Placement Interview Mastery,4,Placed
STU0099,Deepak Iyer,CSE,7,7.63,84.7,78.7,0,Python|Java|C++,React|Spring Boot|Pandas,Python Certificate,2,2,2,1,1,2,1,3,3,9,3,72,74,71,67,86,88,83,85,1,1,1,Data Analyst,80.0,Ready,Statistics|Power BI,Statistics for Data Analysis|Microsoft Power BI Data Analyst,6,Placed
STU0100,Sameer Jain,CSE,6,8.59,83.4,81.7,0,Python|Java|C++,React|Spring Boot|Pandas,Python Certificate|SQL Certificate|Cloud Certificate|DSA Certificate,2,2,3,1,1,2,4,2,3,7,1,69,70,70,63,85,83,80,85,1,1,1,Data Analyst,80.0,Ready,Statistics,Statistics for Data Analysis,4,Placed
STU0101,Dev Agarwal,CSE,5,7.95,81.8,77.0,0,Python|Java|C++,React|Pandas,Python Certificate,2,1,2,2,1,2,1,0,2,5,1,67,68,67,62,84,78,79,83,3,1,2,QA Engineer,60.0,Near Ready,Java|API Testing|Automation Testing,Java for Test Automation|Postman & REST API Testing|Mastering Test Automation & Frameworks,8,Placed
STU0102,Ankit Chawla,IT,8,7.66,71.0,75.6,1,Python|Java|C++,Git,,1,1,2,0,1,2,0,4,4,9,0,60,62,53,53,82,79,73,79,0,2,1,QA Engineer,60.0,Near Ready,Java|API Testing,Java for Test Automation|Postman & REST API Testing,6,Placed
STU0103,Vedant Joshi,AI&DS,8,7.51,81.5,82.3,0,Python|Java|C++,React|Pandas,Python Certificate,2,1,2,2,1,2,1,3,2,9,0,69,72,63,64,85,81,81,80,2,0,1,QA Engineer,60.0,Near Ready,Java|API Testing|Automation Testing,Java for Test Automation|Postman & REST API Testing|Mastering Test Automation & Frameworks,8,Placed
STU0104,Vedant Agarwal,AI&DS,8,7.63,77.5,85.3,1,Python|Java,React|Spring Boot,Python Certificate|SQL Certificate|Cloud Certificate|DSA Certificate,1,2,2,1,1,1,4,1,2,7,0,61,62,64,54,82,83,73,75,1,1,1,QA Engineer,60.0,Near Ready,API Testing|Automation Testing,Postman & REST API Testing|Mastering Test Automation & Frameworks,6,Placed
STU0105,Utkarsh Reddy,EEE,8,7.12,79.4,74.6,0,Python,React,Python Certificate,1,0,1,1,1,1,1,2,2,6,1,67,67,67,61,84,75,79,85,2,0,1,QA Engineer,60.0,Near Ready,Java|API Testing|Automation Testing,Java for Test Automation|Postman & REST API Testing|Mastering Test Automation & Frameworks,8,Placed
STU0106,Bhavya Shah,CSE,6,9.26,78.1,81.2,0,Python|Java|C++,React|Spring Boot|Pandas,,2,3,2,3,1,2,0,7,4,15,3,81,82,80,78,90,89,92,87,2,0,1,Full Stack Developer,92.5,Ready,Advanced interview practice,Advanced Placement Interview Mastery,4,Placed
STU0107,Karthik Patel,AI&DS,6,6.58,70.8,67.4,0,Python|Java,React,Python Certificate,1,1,0,1,1,0,1,1,2,5,0,53,53,52,43,78,75,65,72,0,0,0,QA Engineer,25.8,Needs Training,Java|Selenium|API Testing|Automation Testing,Java for Test Automation|Automation Testing with Selenium|Postman & REST API Testing|Mastering Test Automation & Frameworks,10,Not Placed
STU0108,Shreya Jain,ECE,7,8.92,98.2,80.4,0,Python|Java,React,Python Certificate|SQL Certificate|Cloud Certificate|DSA Certificate,1,1,2,1,1,1,4,4,3,10,3,78,81,76,76,89,92,90,90,2,2,2,QA Engineer,90.4,Ready,Java,Java for Test Automation,4,Placed
STU0109,Sanjay Kapoor,CSE,7,8.23,86.7,95.7,0,Python|Java|C++,React|Spring Boot|Pandas|AWS,,3,2,3,2,2,2,0,5,4,12,2,81,82,83,78,90,84,92,86,2,1,2,Data Analyst,93.4,Ready,Power BI,Microsoft Power BI Data Analyst,4,Placed
STU0110,Aarav Kulkarni,CSE,6,6.93,73.4,72.2,0,Python|Java,React|AWS,Python Certificate,1,1,1,1,2,1,1,1,2,5,1,63,66,60,57,83,79,75,81,2,0,1,QA Engineer,60.0,Near Ready,Java|API Testing|Automation Testing,Java for Test Automation|Postman & REST API Testing|Mastering Test Automation & Frameworks,8,Placed
STU0111,Manish Mishra,CSE,8,5.68,62.9,52.5,0,Python,Git,,1,0,0,0,0,0,0,0,1,3,0,40,40,42,40,73,66,52,64,0,0,1,QA Engineer,5.0,Needs Training,Java|Selenium|API Testing|Automation Testing,Java for Test Automation|Automation Testing with Selenium|Postman & REST API Testing|Mastering Test Automation & Frameworks,10,Not Placed
STU0112,Aditi Kumar,CSE,6,6.42,74.7,66.7,1,Python|Java|C++,React,,1,1,1,1,1,2,0,2,3,6,0,57,62,54,49,80,73,69,75,0,1,1,QA Engineer,25.5,Needs Training,Java|Selenium|API Testing,Java for Test Automation|Automation Testing with Selenium|Postman & REST API Testing,8,Not Placed
STU0113,Nikhil Dutta,EEE,6,9.03,94.3,91.0,0,Python|Java|C++,React|Spring Boot|AWS,,1,2,2,1,2,3,0,4,4,11,3,80,81,77,78,90,90,92,88,4,1,2,Full Stack Developer,92.1,Ready,React,Meta Front-End Development,4,Placed
STU0114,Kunal Nair,ECE,7,6.79,71.5,73.8,0,Python|Java,Git,Python Certificate,1,1,1,0,1,1,1,2,2,6,0,64,65,65,58,83,74,76,81,0,0,0,Data Analyst,23.2,Needs Training,Python|SQL|Statistics|Power BI,Python for Data Analysis|SQL & Database Fundamentals|Statistics for Data Analysis|Microsoft Power BI Data Analyst,10,Not Placed
STU0115,Akash Nair,IT,7,6.92,73.7,62.2,2,Python|Java,Pandas,Python Certificate,2,1,1,0,0,1,1,0,2,4,0,53,55,52,44,78,72,65,71,0,1,1,QA Engineer,12.5,Needs Training,Java|Selenium|API Testing|Automation Testing,Java for Test Automation|Automation Testing with Selenium|Postman & REST API Testing|Mastering Test Automation & Frameworks,10,Not Placed
STU0116,Sneha Gupta,EEE,7,6.38,76.9,80.4,0,Python,Git,Python Certificate,0,0,1,0,1,0,1,0,1,4,0,59,62,54,51,81,73,71,75,1,0,0,QA Engineer,13.7,Needs Training,Java|Selenium|API Testing|Automation Testing,Java for Test Automation|Automation Testing with Selenium|Postman & REST API Testing|Mastering Test Automation & Frameworks,10,Not Placed
STU0117,Anish Yadav,ECE,5,8.62,84.0,77.4,0,Python|Java|C++,React|Pandas,Python Certificate,2,1,1,1,1,2,1,4,3,9,3,75,78,74,71,88,90,87,84,3,3,3,QA Engineer,84.4,Ready,Java,Java for Test Automation,4,Placed
STU0118,Sahil Shetty,CSE,8,8.36,84.1,80.1,0,Python|Java|C++,React|Spring Boot,Python Certificate|SQL Certificate,1,2,2,1,1,2,2,2,2,9,0,71,74,66,67,86,82,83,82,4,1,1,QA Engineer,71.4,Near Ready,API Testing|Automation Testing,Postman & REST API Testing|Mastering Test Automation & Frameworks,6,Placed
STU0119,Ananya Jain,EEE,6,6.91,81.2,76.8,1,Python|Java,React,Python Certificate,1,1,1,1,1,0,1,1,2,6,1,62,65,66,55,82,77,74,76,0,2,1,QA Engineer,60.0,Near Ready,Java|API Testing|Automation Testing,Java for Test Automation|Postman & REST API Testing|Mastering Test Automation & Frameworks,8,Placed
STU0120,Shreya Jain,AI&DS,5,7.42,79.4,61.9,0,Python|Java,React|Pandas,Python Certificate,2,1,2,1,1,1,1,4,3,8,0,60,65,58,53,81,78,72,74,1,0,1,Full Stack Developer,60.0,Near Ready,React|Java|DSA,Meta Front-End Development|Java Programming & Spring Boot|Data Structures & Algorithms,8,Placed
STU0121,Arjun Singh,ECE,8,7.24,69.2,74.4,0,Python,React,Python Certificate,1,0,1,1,0,0,1,1,1,4,1,60,62,58,53,81,76,72,80,1,1,0,QA Engineer,26.8,Needs Training,Java|API Testing|Automation Testing,Java for Test Automation|Postman & REST API Testing|Mastering Test Automation & Frameworks,8,Not Placed
STU0122,Yash Mishra,EEE,8,6.31,74.7,60.4,0,Java,React,,0,1,0,1,0,0,0,1,2,4,1,54,55,55,45,79,71,66,74,0,0,0,QA Engineer,20.5,Needs Training,Java|Selenium|API Testing|Automation Testing,Java for Test Automation|Automation Testing with Selenium|Postman & REST API Testing|Mastering Test Automation & Frameworks,10,Not Placed
STU0123,Siddharth Patel,AI&DS,8,8.61,90.6,94.5,0,Python|Java|C++,React|Spring Boot|Pandas|AWS,Python Certificate|SQL Certificate|Cloud Certificate|DSA Certificate|Web Development Certificate,3,3,3,3,2,3,5,8,4,16,2,84,82,86,83,91,90,95,94,9,0,3,Full Stack Developer,97.8,Ready,Advanced interview practice,Advanced Placement Interview Mastery,4,Placed
STU0124,Karan Agarwal,CSE,8,6.2,75.8,66.3,0,Python|Java,React|Pandas,,2,1,2,1,1,0,0,4,3,8,0,61,62,60,54,82,80,73,77,0,1,1,QA Engineer,60.0,Near Ready,Java|API Testing,Java for Test Automation|Postman & REST API Testing,6,Placed
STU0125,Utkarsh Das,CSE,7,8.89,88.1,90.1,0,Python|Java|C++,React|Pandas|AWS,Python Certificate,3,1,2,1,2,2,1,4,4,10,0,79,78,78,77,89,85,91,90,0,2,1,DevOps Engineer,80.0,Ready,Advanced interview practice,Advanced Placement Interview Mastery,4,Placed
STU0126,Gaurav Kapoor,AI&DS,7,8.24,89.4,95.3,0,Python|Java|C++,React|Spring Boot|Pandas|AWS,Python Certificate,2,3,2,1,2,2,1,1,2,9,1,83,81,83,81,91,87,94,92,1,1,2,QA Engineer,90.2,Ready,Automation Testing,Mastering Test Automation & Frameworks,4,Placed
STU0127,Shreya Jain,ECE,5,8.55,91.9,89.2,0,Python|Java,React,Python Certificate|SQL Certificate,1,1,1,1,0,1,2,2,2,8,3,77,77,76,74,88,83,88,86,2,1,1,QA Engineer,80.0,Ready,Java|Automation Testing,Java for Test Automation|Mastering Test Automation & Frameworks,6,Placed
STU0128,Deepak Thakur,ECE,7,6.94,74.1,72.6,0,Java,React,,0,1,1,1,0,0,0,5,3,9,0,60,62,54,52,81,74,72,77,0,1,0,QA Engineer,60.0,Near Ready,Java|API Testing,Java for Test Automation|Postman & REST API Testing,6,Placed
STU0129,Divya Thakur,CSE,6,8.24,75.6,77.2,0,Python|Java|C++,React|Pandas|AWS,Python Certificate|SQL Certificate|Cloud Certificate,2,1,2,1,2,2,3,0,2,5,0,70,68,70,65,85,79,81,80,2,2,1,Data Analyst,60.0,Near Ready,Statistics,Statistics for Data Analysis,4,Placed
STU0130,Kunal Rao,AI&DS,6,7.32,75.8,71.3,0,Python|Java|C++,React|Spring Boot|Pandas,Python Certificate,3,2,2,1,1,2,1,3,3,8,1,64,65,66,58,83,82,76,80,4,0,1,Data Analyst,60.0,Near Ready,Statistics|Power BI,Statistics for Data Analysis|Microsoft Power BI Data Analyst,6,Placed
STU0131,Yash Pandey,AI&DS,7,6.43,71.7,75.7,2,Python|Java,React,,1,1,1,1,1,0,0,0,2,4,0,54,55,52,45,79,81,66,70,1,0,0,QA Engineer,12.4,Needs Training,Java|Selenium|API Testing|Automation Testing,Java for Test Automation|Automation Testing with Selenium|Postman & REST API Testing|Mastering Test Automation & Frameworks,10,Not Placed
STU0132,Nikhil Chowdhury,CSE,7,8.19,86.7,73.7,1,Python|Java|C++,React,Python Certificate|SQL Certificate,1,1,2,1,1,2,2,3,3,8,2,69,71,70,63,85,86,80,84,3,0,1,Data Analyst,60.0,Near Ready,Python|Statistics,Python for Data Analysis|Statistics for Data Analysis,6,Placed
STU0133,Sanjay Chowdhury,CSE,5,6.49,71.6,58.2,0,Python,Git,,1,0,1,0,0,1,0,0,1,4,0,51,55,50,41,77,75,63,73,0,1,1,QA Engineer,12.7,Needs Training,Java|Selenium|API Testing|Automation Testing,Java for Test Automation|Automation Testing with Selenium|Postman & REST API Testing|Mastering Test Automation & Frameworks,10,Not Placed
STU0134,Anushka Nair,AI&DS,6,8.85,83.2,89.7,0,Python|Java|C++,React|Pandas|AWS,Python Certificate|SQL Certificate|Cloud Certificate|DSA Certificate|Web Development Certificate,2,1,2,2,2,2,5,5,4,11,2,79,80,79,76,89,88,90,88,5,0,2,Full Stack Developer,94.7,Ready,Java,Java Programming & Spring Boot,4,Placed
STU0135,Harsh Gupta,EEE,7,7.27,86.7,66.0,3,Python,React,Python Certificate|SQL Certificate,0,0,1,1,1,0,2,1,2,6,0,59,59,60,52,81,79,71,76,1,1,1,QA Engineer,24.4,Needs Training,Java|Selenium|API Testing|Automation Testing,Java for Test Automation|Automation Testing with Selenium|Postman & REST API Testing|Mastering Test Automation & Frameworks,10,Not Placed
STU0136,Meera Sharma,AI&DS,5,6.93,80.9,71.1,1,Python|Java,React|Pandas,,2,1,2,2,1,0,0,2,2,7,0,67,70,65,62,84,81,79,81,0,1,1,DevOps Engineer,18.9,Needs Training,AWS|Docker|Kubernetes,AWS Cloud Practitioner|Docker & Kubernetes Bootcamp|Kubernetes for DevOps,8,Not Placed
STU0137,Tanvi Bhat,AI&DS,8,8.16,86.6,68.9,0,Python|Java,React|Spring Boot|Pandas,,2,2,2,2,1,1,0,4,3,10,3,68,71,66,63,85,86,80,80,0,1,2,QA Engineer,80.0,Ready,API Testing,Postman & REST API Testing,4,Placed
STU0138,Harsh Deshmukh,IT,7,7.55,75.2,69.8,0,Python,React,Python Certificate|SQL Certificate|Cloud Certificate,1,0,1,1,1,1,3,3,3,7,0,62,63,56,55,82,78,74,77,2,1,1,Full Stack Developer,21.4,Needs Training,React|Java|DSA|NodeJS|MongoDB,Meta Front-End Development|Java Programming & Spring Boot|Data Structures & Algorithms|Node.js Backend Development|MongoDB Developer Path,12,Not Placed
STU0139,Harsh Sharma,AI&DS,7,7.58,85.4,79.8,0,Python,React|Pandas,Python Certificate|SQL Certificate|Cloud Certificate,2,0,2,2,1,1,3,0,2,5,1,72,72,72,67,86,82,83,88,2,0,1,Data Analyst,71.2,Near Ready,Statistics,Statistics for Data Analysis,4,Placed
STU0140,Ananya Thakur,Mechanical,7,6.9,78.4,72.2,0,Python|Java,React,Python Certificate|SQL Certificate|Cloud Certificate,1,1,1,1,0,0,3,5,3,10,2,59,59,58,51,81,75,71,78,1,0,1,QA Engineer,60.0,Near Ready,Java|Selenium|API Testing,Java for Test Automation|Automation Testing with Selenium|Postman & REST API Testing,8,Placed
STU0141,Vedant Verma,Mechanical,8,8.35,91.1,88.5,0,Python|Java,React|Spring Boot,Python Certificate,1,2,2,1,0,1,1,5,4,11,3,75,78,77,72,88,84,87,92,0,1,0,QA Engineer,89.5,Ready,Advanced interview practice,Advanced Placement Interview Mastery,4,Placed
STU0142,Harsh Gupta,CSE,6,6.09,72.5,66.0,0,Python|Java,Git,Python Certificate,1,1,1,0,0,1,1,0,1,4,0,49,50,45,40,77,70,61,71,0,0,0,QA Engineer,6.1,Needs Training,Java|Selenium|API Testing|Automation Testing,Java for Test Automation|Automation Testing with Selenium|Postman & REST API Testing|Mastering Test Automation & Frameworks,10,Not Placed
STU0143,Aditya Chawla,AI&DS,7,7.79,83.4,75.0,0,Python|Java|C++,React,Python Certificate|SQL Certificate,1,1,2,1,1,2,2,2,2,6,3,66,69,63,60,84,82,78,82,1,2,2,Full Stack Developer,60.0,Near Ready,React|Java|NodeJS|MongoDB,Meta Front-End Development|Java Programming & Spring Boot|Node.js Backend Development|MongoDB Developer Path,10,Placed
STU0144,Meera Gupta,AI&DS,7,10.0,91.9,91.3,0,Python|Java|C++,React|Spring Boot|Pandas|AWS,,3,2,3,3,2,3,0,2,3,10,1,88,92,86,88,93,93,99,98,2,1,2,Data Analyst,96.0,Ready,Power BI,Microsoft Power BI Data Analyst,4,Placed
STU0145,Sameer Nair,CSE,6,7.04,67.1,69.1,1,Python,React|Pandas,,2,0,0,1,0,0,0,1,2,4,0,53,54,55,44,78,74,65,78,0,0,0,QA Engineer,24.0,Needs Training,Java|Selenium|API Testing|Automation Testing,Java for Test Automation|Automation Testing with Selenium|Postman & REST API Testing|Mastering Test Automation & Frameworks,10,Not Placed
STU0146,Kavya Saxena,CSE,8,6.17,74.2,76.5,2,Java,React,Python Certificate|SQL Certificate,0,1,1,1,1,1,2,0,2,4,1,57,59,56,48,80,75,69,76,0,1,1,QA Engineer,23.0,Needs Training,Java|Selenium|API Testing|Automation Testing,Java for Test Automation|Automation Testing with Selenium|Postman & REST API Testing|Mastering Test Automation & Frameworks,10,Not Placed
STU0147,Sahil Reddy,IT,7,8.32,86.8,80.4,0,Python|Java,React|Spring Boot|Pandas,Python Certificate|SQL Certificate,3,2,3,2,1,1,2,2,3,8,1,71,71,72,66,86,83,83,85,1,0,1,QA Engineer,80.0,Ready,API Testing,Postman & REST API Testing,4,Placed
STU0148,Shreya Singh,AI&DS,7,8.34,78.3,73.8,0,Python|Java|C++,React|Spring Boot,Python Certificate,1,2,2,1,1,2,1,5,4,11,1,67,70,68,61,84,82,79,83,1,0,1,QA Engineer,80.0,Ready,API Testing,Postman & REST API Testing,4,Placed
STU0149,Deepak Kapoor,CSE,8,8.04,86.1,72.2,0,Python|Java,React|Spring Boot|Pandas|AWS,,2,2,2,1,2,1,0,2,3,8,1,69,71,76,64,85,85,81,82,0,0,1,Data Analyst,60.0,Near Ready,Statistics|Power BI,Statistics for Data Analysis|Microsoft Power BI Data Analyst,6,Placed
STU0150,Sneha Deshmukh,CSE,8,8.53,89.2,70.7,0,Python|Java|C++,React|Pandas,Python Certificate,2,1,1,2,1,2,1,2,2,8,1,71,69,74,66,86,87,82,81,2,1,2,Full Stack Developer,62.6,Near Ready,Java|NodeJS|MongoDB,Java Programming & Spring Boot|Node.js Backend Development|MongoDB Developer Path,8,Placed
STU0151,Riya Nair,EEE,7,9.14,78.5,84.7,0,Java,React,Python Certificate|SQL Certificate|Cloud Certificate|DSA Certificate,0,1,1,2,1,1,4,6,4,12,0,72,71,72,68,86,82,84,82,1,2,2,Full Stack Developer,80.0,Ready,Java|DSA|MongoDB,Java Programming & Spring Boot|Data Structures & Algorithms|MongoDB Developer Path,8,Placed
STU0152,Riya Pillai,CSE,8,9.12,82.7,88.5,0,Python|Java|C++,React|Spring Boot|Pandas,Python Certificate|SQL Certificate,2,2,2,1,1,2,2,8,5,16,0,78,81,74,75,89,88,90,86,1,2,1,QA Engineer,88.2,Ready,Advanced interview practice,Advanced Placement Interview Mastery,4,Placed
STU0153,Pranav Reddy,CSE,7,8.03,80.6,82.2,0,Python|Java,React|Spring Boot|Pandas,Python Certificate|SQL Certificate|Cloud Certificate|DSA Certificate|Web Development Certificate,2,2,2,2,1,1,5,5,3,12,0,70,69,69,65,85,82,81,84,2,1,1,Full Stack Developer,60.0,Near Ready,DSA,Data Structures & Algorithms,4,Placed
STU0154,Ankit Kumar,AI&DS,7,7.78,77.6,72.1,1,Python|Java|C++,React|Pandas,Python Certificate|SQL Certificate,2,1,1,1,1,2,2,4,3,9,0,62,66,63,55,82,82,74,75,2,0,0,Full Stack Developer,60.0,Near Ready,React|Java|MongoDB,Meta Front-End Development|Java Programming & Spring Boot|MongoDB Developer Path,8,Placed
STU0155,Yash Das,Mechanical,7,8.25,80.8,89.5,0,Python|Java,React,Python Certificate,1,1,2,1,1,1,1,4,4,10,1,73,73,78,69,87,86,85,85,2,2,2,Full Stack Developer,60.0,Near Ready,React|Java|DSA,Meta Front-End Development|Java Programming & Spring Boot|Data Structures & Algorithms,8,Placed
STU0156,Neha Das,CSE,7,9.41,100.0,89.2,0,Python|Java|C++,React|Spring Boot|Pandas,Python Certificate|SQL Certificate|Cloud Certificate|DSA Certificate|Web Development Certificate,3,2,3,2,1,3,5,4,3,13,1,88,91,89,87,93,94,99,95,2,2,2,Full Stack Developer,95.4,Ready,Advanced interview practice,Advanced Placement Interview Mastery,4,Placed
STU0157,Pranav Chowdhury,IT,6,7.19,79.1,79.5,0,Python,React|Pandas,,2,0,1,1,1,1,0,6,4,11,3,63,64,63,57,83,80,75,76,2,0,1,DevOps Engineer,63.0,Near Ready,AWS|Kubernetes,AWS Cloud Practitioner|Kubernetes for DevOps,6,Placed
STU0158,Deepak Verma,ECE,8,7.31,70.4,66.0,0,Java,Git,Python Certificate,0,1,0,0,0,0,1,1,2,5,0,53,49,52,44,78,75,65,73,1,0,1,QA Engineer,13.2,Needs Training,Java|Selenium|API Testing|Automation Testing,Java for Test Automation|Automation Testing with Selenium|Postman & REST API Testing|Mastering Test Automation & Frameworks,10,Not Placed
STU0159,Zoya Pandey,CSE,8,8.2,79.7,81.3,0,Python|Java|C++,React|Spring Boot|AWS,Python Certificate|SQL Certificate|Cloud Certificate|DSA Certificate|Web Development Certificate,1,2,2,2,2,2,5,0,2,7,1,78,76,85,75,89,92,90,85,2,0,1,QA Engineer,84.9,Ready,Automation Testing,Mastering Test Automation & Frameworks,4,Placed
STU0160,Vikas Kumar,IT,5,8.15,70.5,77.5,0,Python|Java,React|Spring Boot|Pandas,Python Certificate,3,2,1,1,1,1,1,1,2,6,0,63,64,66,57,83,82,75,77,2,1,2,DevOps Engineer,60.0,Near Ready,AWS|Docker|Kubernetes,AWS Cloud Practitioner|Docker & Kubernetes Bootcamp|Kubernetes for DevOps,8,Placed
STU0161,Akash Rao,AI&DS,8,5.58,62.0,57.9,2,Python,Git,,0,0,1,0,0,0,0,0,1,2,0,40,47,40,40,72,62,51,65,0,0,0,QA Engineer,5.0,Needs Training,Java|Selenium|API Testing|Automation Testing,Java for Test Automation|Automation Testing with Selenium|Postman & REST API Testing|Mastering Test Automation & Frameworks,10,Not Placed
STU0162,Deepak Mehta,IT,5,7.65,74.1,84.8,0,Python|Java,React|Spring Boot|Pandas|AWS,Python Certificate|SQL Certificate|Cloud Certificate,2,3,2,1,2,1,3,4,3,9,0,75,77,71,71,88,88,87,83,2,1,1,Full Stack Developer,60.0,Near Ready,React|DSA,Meta Front-End Development|Data Structures & Algorithms,6,Placed
STU0163,Ankit Nair,IT,6,7.15,78.8,70.7,0,Python|Java,React|Spring Boot,Python Certificate,1,2,1,2,1,0,1,4,2,9,0,58,64,63,51,81,77,70,77,0,1,1,QA Engineer,60.0,Near Ready,Selenium|API Testing|Automation Testing,Automation Testing with Selenium|Postman & REST API Testing|Mastering Test Automation & Frameworks,8,Placed
STU0164,Divya Reddy,AI&DS,7,6.36,76.5,74.0,0,Python|Java,React|Pandas,,2,1,2,1,1,0,0,4,3,8,1,64,63,63,57,83,78,76,81,2,0,1,DevOps Engineer,60.0,Near Ready,AWS|Docker|Kubernetes,AWS Cloud Practitioner|Docker & Kubernetes Bootcamp|Kubernetes for DevOps,8,Placed
STU0165,Shreya Chowdhury,CSE,6,8.14,96.9,92.3,0,Python|Java,React|Spring Boot|Pandas,Python Certificate|SQL Certificate|Cloud Certificate,2,2,1,1,1,1,3,3,2,9,0,69,71,68,64,85,84,80,84,3,0,1,QA Engineer,67.4,Near Ready,API Testing|Automation Testing,Postman & REST API Testing|Mastering Test Automation & Frameworks,6,Placed
STU0166,Arjun Das,ECE,8,8.13,91.1,83.8,0,Python,React,Python Certificate|SQL Certificate|Cloud Certificate,0,0,1,1,0,1,3,1,2,6,1,67,66,66,61,84,78,79,84,0,2,2,QA Engineer,60.0,Near Ready,Java|API Testing|Automation Testing,Java for Test Automation|Postman & REST API Testing|Mastering Test Automation & Frameworks,8,Placed
STU0167,Dev Iyer,AI&DS,8,7.91,82.8,85.7,0,Python|Java,React|Spring Boot|Pandas|AWS,Python Certificate|SQL Certificate|Cloud Certificate,2,3,2,2,2,1,3,1,2,7,1,73,76,73,69,87,86,85,86,0,0,0,QA Engineer,80.0,Ready,API Testing|Automation Testing,Postman & REST API Testing|Mastering Test Automation & Frameworks,6,Placed
STU0168,Rohan Nair,CSE,7,7.13,74.0,71.8,0,Python|Java,React|Spring Boot,Python Certificate,1,2,0,1,0,1,1,5,4,9,1,59,63,57,52,81,78,71,76,0,0,0,Full Stack Developer,27.1,Needs Training,React|DSA|MongoDB,Meta Front-End Development|Data Structures & Algorithms|MongoDB Developer Path,8,Not Placed
STU0169,Ananya Chowdhury,CSE,5,8.99,87.1,85.7,0,Python|Java|C++,React|Spring Boot|Pandas,Python Certificate,2,2,2,1,0,2,1,1,2,8,0,71,74,71,66,86,88,83,85,1,0,1,QA Engineer,80.0,Ready,API Testing|Automation Testing,Postman & REST API Testing|Mastering Test Automation & Frameworks,6,Placed
STU0170,Siddharth Kumar,IT,6,6.99,84.4,75.8,0,Python|Java,React|AWS,,1,1,2,2,2,1,0,4,3,9,0,62,66,66,55,82,77,74,78,0,1,0,Full Stack Developer,22.1,Needs Training,Java|DSA,Java Programming & Spring Boot|Data Structures & Algorithms,6,Not Placed
STU0171,Akash Pandey,IT,7,7.71,75.7,81.8,0,Python|Java|C++,React|Spring Boot|Pandas,Python Certificate|SQL Certificate,2,2,2,1,1,3,2,3,3,9,3,74,73,69,70,87,84,85,83,3,3,2,Full Stack Developer,80.0,Ready,React|NodeJS|MongoDB,Meta Front-End Development|Node.js Backend Development|MongoDB Developer Path,8,Placed
STU0172,Shreya Shetty,CSE,8,8.86,74.0,78.7,0,Python|Java|C++,React|Spring Boot|Pandas,Python Certificate,2,2,3,2,1,2,1,0,2,7,0,72,75,73,68,86,88,84,86,4,0,2,QA Engineer,80.0,Ready,API Testing|Automation Testing,Postman & REST API Testing|Mastering Test Automation & Frameworks,6,Placed
STU0173,Aarav Gupta,AI&DS,7,7.55,67.4,66.1,0,Python|Java,React|Pandas,Python Certificate|SQL Certificate,2,1,1,1,0,0,2,2,2,7,0,53,55,52,45,79,76,66,74,0,0,0,QA Engineer,19.2,Needs Training,Java|Selenium|API Testing|Automation Testing,Java for Test Automation|Automation Testing with Selenium|Postman & REST API Testing|Mastering Test Automation & Frameworks,10,Not Placed
STU0174,Karthik Chawla,CSE,6,8.59,89.6,65.8,0,Python|Java|C++,React|Spring Boot|Pandas|AWS,Python Certificate|SQL Certificate|Cloud Certificate|DSA Certificate,2,2,2,2,2,2,4,6,4,12,0,78,77,77,75,89,84,89,86,4,1,2,Full Stack Developer,82.8,Ready,Advanced interview practice,Advanced Placement Interview Mastery,4,Placed
STU0175,Isha Patel,IT,7,7.47,76.2,71.4,1,Python,React|Pandas,Python Certificate|SQL Certificate,2,0,2,1,0,1,2,0,1,5,0,58,60,59,51,81,76,70,76,0,2,1,Data Analyst,60.0,Near Ready,Statistics,Statistics for Data Analysis,4,Placed
STU0176,Pranav Mishra,CSE,7,8.98,89.8,79.3,0,Python|Java|C++,React|Spring Boot|Pandas,Python Certificate,3,2,3,1,1,3,1,6,4,12,3,74,78,74,71,87,87,86,92,1,0,1,QA Engineer,93.8,Ready,Advanced interview practice,Advanced Placement Interview Mastery,4,Placed
STU0177,Riya Reddy,IT,7,7.5,74.9,87.9,0,Python|Java|C++,React|Pandas,Python Certificate,3,1,2,2,1,2,1,3,3,9,1,69,69,68,64,85,84,81,85,1,2,2,DevOps Engineer,60.6,Near Ready,AWS|Docker|Kubernetes,AWS Cloud Practitioner|Docker & Kubernetes Bootcamp|Kubernetes for DevOps,8,Placed
STU0178,Pooja Dutta,AI&DS,5,9.1,81.1,91.7,0,Python|Java|C++,React|Spring Boot|Pandas|AWS,Python Certificate|SQL Certificate|Cloud Certificate,3,2,3,2,2,2,3,8,5,15,2,87,87,86,86,92,91,98,97,9,2,3,Full Stack Developer,95.9,Ready,Advanced interview practice,Advanced Placement Interview Mastery,4,Placed
STU0179,Akash Patel,EEE,7,7.89,80.5,65.9,0,Python|Java,React,Python Certificate|SQL Certificate,1,1,0,1,0,0,2,3,3,7,0,62,65,62,55,82,79,74,79,0,0,0,QA Engineer,60.0,Near Ready,Java|API Testing,Java for Test Automation|Postman & REST API Testing,6,Placed
STU0180,Nishant Sharma,CSE,7,7.99,71.1,71.6,0,Python|Java,React|Spring Boot|Pandas,,2,2,2,2,0,1,0,1,3,6,2,61,62,59,53,82,79,73,80,0,1,0,QA Engineer,60.0,Near Ready,API Testing,Postman & REST API Testing,4,Placed
STU0181,Nishant Iyer,AI&DS,8,7.76,67.8,68.5,0,Python|Java,React|Spring Boot,Python Certificate|SQL Certificate,1,2,2,2,0,1,2,3,2,7,1,64,67,65,58,83,77,76,84,3,0,1,QA Engineer,60.0,Near Ready,API Testing|Automation Testing,Postman & REST API Testing|Mastering Test Automation & Frameworks,6,Placed
STU0182,Rohan Joshi,CSE,6,6.76,76.3,75.1,0,Python,React|Pandas,Python Certificate|SQL Certificate|Cloud Certificate,2,0,2,2,1,0,3,2,2,6,0,61,61,62,54,82,77,73,77,1,1,1,Data Analyst,60.0,Near Ready,Statistics,Statistics for Data Analysis,4,Placed
STU0183,Priya Thakur,EEE,7,9.29,88.4,83.9,0,Python|Java|C++,React|Spring Boot,Python Certificate,1,2,2,1,0,2,1,3,3,9,1,74,73,74,71,87,83,86,87,1,1,2,QA Engineer,80.0,Ready,Advanced interview practice,Advanced Placement Interview Mastery,4,Placed
STU0184,Deepak Pillai,EEE,8,5.62,64.5,66.2,1,Python,Git,,1,0,0,0,0,0,0,2,1,4,0,45,43,50,40,75,70,58,65,0,0,0,QA Engineer,5.9,Needs Training,Java|Selenium|API Testing|Automation Testing,Java for Test Automation|Automation Testing with Selenium|Postman & REST API Testing|Mastering Test Automation & Frameworks,10,Not Placed
STU0185,Siddharth Saxena,CSE,5,6.28,67.3,60.8,0,Python|Java,Pandas|AWS,,2,1,2,0,2,1,0,1,2,4,0,52,51,48,43,78,77,64,72,0,1,1,QA Engineer,19.5,Needs Training,Java|Selenium|API Testing|Automation Testing,Java for Test Automation|Automation Testing with Selenium|Postman & REST API Testing|Mastering Test Automation & Frameworks,10,Not Placed
STU0186,Aiswarya Mishra,IT,8,6.6,68.7,65.6,2,Python|Java,React|Pandas,Python Certificate|SQL Certificate,2,1,1,1,0,1,2,1,2,4,1,52,57,50,43,78,75,64,78,0,0,1,QA Engineer,16.7,Needs Training,Java|Selenium|API Testing|Automation Testing,Java for Test Automation|Automation Testing with Selenium|Postman & REST API Testing|Mastering Test Automation & Frameworks,10,Not Placed
STU0187,Bhavya Reddy,ECE,7,9.23,83.7,75.4,0,Python|Java|C++,React|Pandas,Python Certificate,2,1,2,1,1,2,1,0,2,6,0,76,76,78,73,88,87,88,84,2,1,2,QA Engineer,80.0,Ready,Java|Automation Testing,Java for Test Automation|Mastering Test Automation & Frameworks,6,Placed
STU0188,Khushi Reddy,IT,5,9.64,84.9,94.6,0,Python|Java|C++,React|Spring Boot|Pandas|AWS,Python Certificate,2,2,2,2,2,2,1,4,4,11,2,85,89,85,84,92,91,97,95,4,2,3,Full Stack Developer,92.2,Ready,Advanced interview practice,Advanced Placement Interview Mastery,4,Placed
STU0189,Akash Deshmukh,AI&DS,6,7.6,73.6,77.2,0,Python|Java|C++,React|Pandas,Python Certificate,2,1,1,2,0,2,1,2,3,7,1,63,63,61,57,83,81,75,79,1,0,0,QA Engineer,60.0,Near Ready,Java|API Testing,Java for Test Automation|Postman & REST API Testing,6,Placed
STU0190,Ishaan Bhat,CSE,7,7.56,79.3,76.5,0,Python|Java,React|Pandas,Python Certificate|SQL Certificate,2,1,1,1,1,1,2,2,2,6,0,63,65,65,56,82,76,74,78,0,0,0,QA Engineer,60.0,Near Ready,Java|API Testing|Automation Testing,Java for Test Automation|Postman & REST API Testing|Mastering Test Automation & Frameworks,8,Placed
STU0191,Akash Yadav,CSE,5,7.59,80.2,75.6,1,Python|Java|C++,React|Spring Boot|Pandas,,2,2,2,1,1,2,0,4,4,10,0,66,66,65,60,84,86,78,79,2,0,2,QA Engineer,60.0,Near Ready,API Testing,Postman & REST API Testing,4,Placed
STU0192,Manish Verma,EEE,7,8.94,88.1,87.9,0,Python|Java,React|AWS,Python Certificate|SQL Certificate|Cloud Certificate|DSA Certificate,1,1,2,1,2,1,4,2,2,9,3,79,80,76,76,89,88,90,90,1,0,1,QA Engineer,87.5,Ready,Java|Automation Testing,Java for Test Automation|Mastering Test Automation & Frameworks,6,Placed
STU0193,Akash Deshmukh,EEE,6,5.31,65.6,76.3,0,Java,Git,,0,1,0,0,0,1,0,2,2,4,1,54,53,54,45,79,72,66,74,0,1,1,QA Engineer,19.5,Needs Training,Java|Selenium|API Testing|Automation Testing,Java for Test Automation|Automation Testing with Selenium|Postman & REST API Testing|Mastering Test Automation & Frameworks,10,Not Placed
STU0194,Riya Agarwal,IT,7,7.59,79.0,75.4,0,Python|Java,React|Spring Boot|Pandas,Python Certificate|SQL Certificate|Cloud Certificate|DSA Certificate,2,3,2,1,1,1,4,2,3,7,0,68,71,59,62,84,82,79,87,2,1,1,QA Engineer,62.5,Near Ready,API Testing,Postman & REST API Testing,4,Placed
STU0195,Sanjay Patel,AI&DS,5,8.6,74.9,84.6,0,Python|Java|C++,React|Pandas,Python Certificate,2,1,3,2,1,3,1,3,3,10,3,76,77,77,73,88,85,88,87,3,1,1,Full Stack Developer,80.9,Ready,Java|NodeJS|MongoDB,Java Programming & Spring Boot|Node.js Backend Development|MongoDB Developer Path,8,Placed
STU0196,Akash Agarwal,AI&DS,8,7.43,82.9,73.0,0,Python|Java,React|Pandas,Python Certificate|SQL Certificate|Cloud Certificate,2,1,2,1,1,0,3,1,3,7,3,71,73,67,66,86,85,83,82,1,1,1,Data Analyst,65.2,Near Ready,Statistics,Statistics for Data Analysis,4,Placed
STU0197,Anish Chawla,IT,8,7.88,86.7,71.5,0,Python|Java,React|Spring Boot|AWS,Python Certificate|SQL Certificate,1,2,1,1,2,1,2,1,2,6,1,67,68,67,61,84,81,79,83,3,0,1,QA Engineer,61.4,Near Ready,API Testing|Automation Testing,Postman & REST API Testing|Mastering Test Automation & Frameworks,6,Placed
STU0198,Dev Gupta,EEE,8,8.4,78.6,84.6,0,Python|Java|C++,Spring Boot|Pandas,Python Certificate|SQL Certificate,2,2,2,0,1,3,2,5,3,11,0,77,77,76,74,88,90,88,86,0,1,1,QA Engineer,83.9,Ready,Advanced interview practice,Advanced Placement Interview Mastery,4,Placed
STU0199,Utkarsh Gupta,EEE,7,5.67,53.4,57.3,0,Java,Spring Boot,,0,2,1,0,0,0,0,1,2,3,0,40,44,40,40,70,64,45,66,0,0,1,QA Engineer,7.9,Needs Training,Selenium|API Testing|Automation Testing,Automation Testing with Selenium|Postman & REST API Testing|Mastering Test Automation & Frameworks,8,Not Placed
STU0200,Zoya Chawla,ECE,5,8.96,85.1,79.6,0,Python|Java|C++,Git,Python Certificate|SQL Certificate|Cloud Certificate,1,1,1,0,0,2,3,2,3,7,0,73,78,71,69,87,84,85,84,2,2,2,QA Engineer,70.9,Near Ready,Java|API Testing,Java for Test Automation|Postman & REST API Testing,6,Placed
STU0201,Isha Rao,IT,7,6.61,79.0,67.7,0,Java,React,Python Certificate|SQL Certificate,0,1,0,1,1,1,2,1,3,4,0,57,60,58,49,80,74,69,73,1,1,0,QA Engineer,24.3,Needs Training,Java|Selenium|API Testing,Java for Test Automation|Automation Testing with Selenium|Postman & REST API Testing,8,Not Placed
STU0202,Anushka Dutta,CSE,5,5.59,61.1,56.1,1,Python,Git,,0,0,0,0,0,0,0,0,1,2,0,43,44,40,40,74,69,55,66,0,0,0,QA Engineer,5.0,Needs Training,Java|Selenium|API Testing|Automation Testing,Java for Test Automation|Automation Testing with Selenium|Postman & REST API Testing|Mastering Test Automation & Frameworks,10,Not Placed
STU0203,Sneha Nair,CSE,5,7.97,78.6,76.4,1,Python|Java|C++,React|Pandas,Python Certificate,2,1,1,1,1,3,1,1,1,7,3,71,72,72,66,86,85,83,86,0,1,1,QA Engineer,80.3,Ready,Java|API Testing|Automation Testing,Java for Test Automation|Postman & REST API Testing|Mastering Test Automation & Frameworks,8,Placed
STU0204,Tanvi Kulkarni,EEE,6,8.65,79.1,89.1,0,Python|Java|C++,React|Spring Boot|Pandas,Python Certificate,2,2,2,2,1,2,1,1,2,8,0,81,78,83,79,90,90,93,89,0,1,1,Full Stack Developer,80.0,Ready,NodeJS|MongoDB,Node.js Backend Development|MongoDB Developer Path,6,Placed
STU0205,Aditya Kulkarni,IT,7,7.46,77.4,64.8,0,Python,React|Pandas,,2,0,1,1,0,1,0,2,2,7,0,63,62,59,57,83,82,75,74,1,1,2,Data Analyst,27.5,Needs Training,SQL|Statistics|Power BI,SQL & Database Fundamentals|Statistics for Data Analysis|Microsoft Power BI Data Analyst,8,Not Placed
STU0206,Anish Das,CSE,7,8.07,95.8,91.3,0,Python|Java|C++,React|Spring Boot|Pandas|AWS,Python Certificate|SQL Certificate,2,2,2,2,2,2,2,3,3,10,0,76,75,78,73,88,86,88,89,2,0,1,QA Engineer,88.8,Ready,Advanced interview practice,Advanced Placement Interview Mastery,4,Placed
STU0207,Yash Deshmukh,CSE,7,8.55,92.3,85.5,0,Python|Java|C++,React|Pandas|AWS,Python Certificate|SQL Certificate|Cloud Certificate|DSA Certificate|Web Development Certificate,3,1,2,2,2,3,6,4,4,11,0,84,86,85,83,91,93,95,90,2,0,2,Data Analyst,90.1,Ready,Advanced interview practice,Advanced Placement Interview Mastery,4,Placed
STU0208,Sneha Agarwal,IT,7,9.13,88.4,91.2,0,Python|Java,React|Spring Boot|Pandas|AWS,Python Certificate|SQL Certificate|Cloud Certificate|DSA Certificate,2,2,3,2,2,1,4,6,5,13,1,80,83,77,78,90,91,92,89,6,0,2,QA Engineer,93.4,Ready,Advanced interview practice,Advanced Placement Interview Mastery,4,Placed
STU0209,Manish Kapoor,CSE,6,9.45,92.7,82.1,0,Python|Java|C++,React|Spring Boot,Python Certificate|SQL Certificate,1,2,3,3,1,2,2,5,4,13,2,84,85,84,83,92,94,96,89,4,0,1,QA Engineer,95.2,Ready,Advanced interview practice,Advanced Placement Interview Mastery,4,Placed
STU0210,Karan Reddy,CSE,8,7.84,83.9,85.7,1,Python|Java|C++,React|Spring Boot|Pandas|AWS,Python Certificate|SQL Certificate|Cloud Certificate|DSA Certificate,2,2,2,2,2,2,4,2,2,7,2,74,72,70,70,87,86,85,88,3,0,1,Data Analyst,80.0,Ready,Statistics,Statistics for Data Analysis,4,Placed
STU0211,Yash Thakur,AI&DS,7,8.02,74.5,79.7,0,Python|Java,React|Spring Boot|Pandas,,2,2,2,2,1,1,0,5,4,10,0,66,68,67,60,84,82,78,84,2,0,1,QA Engineer,66.1,Near Ready,API Testing,Postman & REST API Testing,4,Placed
STU0212,Manish Nair,IT,7,5.58,69.3,62.9,0,Python,React,,0,0,1,1,1,1,0,2,2,5,0,45,49,45,40,75,70,58,69,0,0,1,QA Engineer,5.1,Needs Training,Java|Selenium|API Testing|Automation Testing,Java for Test Automation|Automation Testing with Selenium|Postman & REST API Testing|Mastering Test Automation & Frameworks,10,Not Placed
STU0213,Karan Rao,IT,6,7.38,77.2,66.8,0,Python|Java,React|AWS,Python Certificate|SQL Certificate,1,1,2,2,2,1,2,2,2,7,0,62,63,59,55,82,78,74,77,2,0,1,Data Analyst,60.0,Near Ready,Python|Statistics,Python for Data Analysis|Statistics for Data Analysis,6,Placed
STU0214,Arjun Saxena,CSE,7,7.07,71.3,68.9,0,Python,Git,,1,0,1,0,1,1,0,1,2,5,0,55,59,52,46,79,75,67,78,0,0,0,QA Engineer,21.3,Needs Training,Java|Selenium|API Testing|Automation Testing,Java for Test Automation|Automation Testing with Selenium|Postman & REST API Testing|Mastering Test Automation & Frameworks,10,Not Placed
STU0215,Vikas Joshi,IT,7,9.65,90.5,87.4,0,Python|Java|C++,React|Spring Boot|Pandas|AWS,Python Certificate|SQL Certificate|Cloud Certificate|DSA Certificate|Web Development Certificate,3,2,2,3,2,3,5,7,5,15,1,91,93,88,91,94,92,100,99,4,1,2,Full Stack Developer,97.3,Ready,Advanced interview practice,Advanced Placement Interview Mastery,4,Placed
STU0216,Rohan Mehta,CSE,6,7.55,83.1,71.9,0,Python|Java,React|Pandas,Python Certificate|SQL Certificate,2,1,1,1,0,1,2,3,2,9,0,63,63,63,56,82,81,74,75,0,0,0,QA Engineer,60.0,Near Ready,Java|API Testing|Automation Testing,Java for Test Automation|Postman & REST API Testing|Mastering Test Automation & Frameworks,8,Placed
STU0217,Karthik Kapoor,AI&DS,5,7.36,82.3,82.3,0,Python|Java|C++,React,Python Certificate|SQL Certificate|Cloud Certificate,1,1,1,1,1,2,3,2,3,8,0,66,67,66,60,84,81,78,81,1,0,1,QA Engineer,60.0,Near Ready,Java|API Testing,Java for Test Automation|Postman & REST API Testing,6,Placed
STU0218,Ananya Sharma,IT,7,7.95,79.6,84.7,0,Python|Java|C++,React|Spring Boot|Pandas,Python Certificate|SQL Certificate,2,2,2,2,1,2,2,4,3,9,1,71,71,73,67,86,86,83,90,0,0,0,QA Engineer,80.0,Ready,API Testing,Postman & REST API Testing,4,Placed
STU0219,Rohan Kulkarni,IT,7,7.44,83.4,75.5,0,Python|Java,React|Spring Boot|Pandas,Python Certificate,2,2,2,1,1,1,1,2,2,8,1,65,66,58,59,84,81,77,83,1,0,1,QA Engineer,60.0,Near Ready,API Testing|Automation Testing,Postman & REST API Testing|Mastering Test Automation & Frameworks,6,Placed
STU0220,Sneha Kumar,ECE,6,8.82,89.1,84.4,0,Python|Java|C++,React|Spring Boot|Pandas|AWS,Python Certificate|SQL Certificate|Cloud Certificate,2,3,2,2,2,2,3,4,3,11,0,85,82,80,84,92,92,96,91,2,2,2,Full Stack Developer,84.8,Ready,Advanced interview practice,Advanced Placement Interview Mastery,4,Placed
STU0221,Ananya Bhat,IT,8,6.79,69.1,73.3,2,Python,React|Pandas,Python Certificate|SQL Certificate,2,0,2,1,1,1,2,3,2,6,1,57,59,55,49,80,74,69,74,0,1,1,Data Analyst,60.0,Near Ready,Statistics,Statistics for Data Analysis,4,Placed
STU0222,Gaurav Agarwal,IT,6,6.92,75.8,76.9,0,Python|Java,React|Pandas,Python Certificate|SQL Certificate|Cloud Certificate,2,1,1,1,0,1,3,5,3,10,0,67,66,69,62,84,78,79,76,0,0,1,QA Engineer,60.0,Near Ready,Java|API Testing,Java for Test Automation|Postman & REST API Testing,6,Placed
STU0223,Karan Singh,CSE,7,6.51,63.2,54.4,0,Python|Java|C++,React,Python Certificate,1,1,1,1,0,2,1,2,2,6,1,56,53,56,47,80,76,68,73,1,0,1,Full Stack Developer,13.8,Needs Training,React|Java|NodeJS|MongoDB,Meta Front-End Development|Java Programming & Spring Boot|Node.js Backend Development|MongoDB Developer Path,10,Not Placed
STU0224,Neha Dutta,AI&DS,8,6.04,69.8,67.8,0,Python,Git,,1,0,1,0,0,0,0,0,1,2,0,49,51,46,40,77,69,61,72,0,0,0,QA Engineer,10.9,Needs Training,Java|Selenium|API Testing|Automation Testing,Java for Test Automation|Automation Testing with Selenium|Postman & REST API Testing|Mastering Test Automation & Frameworks,10,Not Placed
STU0225,Ananya Dutta,CSE,7,6.76,64.0,69.3,0,Python,Pandas,Python Certificate,2,0,1,0,0,1,1,0,1,3,0,57,51,54,49,80,76,69,72,1,0,0,Data Analyst,17.0,Needs Training,SQL|Statistics|Power BI,SQL & Database Fundamentals|Statistics for Data Analysis|Microsoft Power BI Data Analyst,8,Not Placed
STU0226,Isha Shah,CSE,7,7.34,71.6,81.9,0,Python|Java,React|Pandas,Python Certificate,3,1,2,2,0,1,1,1,2,7,1,64,70,66,58,83,80,76,79,0,0,1,QA Engineer,60.0,Near Ready,Java|API Testing|Automation Testing,Java for Test Automation|Postman & REST API Testing|Mastering Test Automation & Frameworks,8,Placed
STU0227,Khushi Patel,Mechanical,6,7.04,64.2,64.6,0,Python,Git,Python Certificate|SQL Certificate|Cloud Certificate|DSA Certificate,1,0,1,0,0,0,4,3,3,6,0,60,58,61,52,81,75,72,79,0,0,1,Data Analyst,20.6,Needs Training,Python|SQL|Statistics,Python for Data Analysis|SQL & Database Fundamentals|Statistics for Data Analysis,8,Not Placed
STU0228,Rahul Shetty,AI&DS,6,7.05,72.0,50.0,1,Python,React,Python Certificate|SQL Certificate,1,0,1,1,1,1,2,4,3,7,0,56,56,56,48,80,75,69,77,0,0,0,QA Engineer,22.4,Needs Training,Java|Selenium|API Testing,Java for Test Automation|Automation Testing with Selenium|Postman & REST API Testing,8,Not Placed
STU0229,Shreya Thakur,EEE,8,6.53,66.0,64.0,1,Python,Git,,0,0,0,0,0,0,0,1,2,4,0,48,47,43,40,76,73,60,67,0,0,0,QA Engineer,5.3,Needs Training,Java|Selenium|API Testing|Automation Testing,Java for Test Automation|Automation Testing with Selenium|Postman & REST API Testing|Mastering Test Automation & Frameworks,10,Not Placed
STU0230,Kunal Kulkarni,IT,7,7.09,75.7,76.0,0,Python|Java,React,Python Certificate|SQL Certificate,1,1,2,1,1,1,2,1,2,6,3,64,64,62,57,83,81,76,79,3,1,2,Data Analyst,60.0,Near Ready,Python|Statistics,Python for Data Analysis|Statistics for Data Analysis,6,Placed
STU0231,Vikas Agarwal,ECE,8,5.39,60.7,51.3,0,Python,Git,,0,0,1,0,0,1,0,0,1,2,0,47,45,45,40,76,73,59,69,0,0,0,QA Engineer,5.0,Needs Training,Java|Selenium|API Testing|Automation Testing,Java for Test Automation|Automation Testing with Selenium|Postman & REST API Testing|Mastering Test Automation & Frameworks,10,Not Placed
STU0232,Aarav Saxena,AI&DS,6,7.74,78.2,76.0,0,Python|Java|C++,React|Pandas|AWS,Python Certificate,2,1,2,1,2,2,1,4,3,10,1,74,76,76,70,87,86,85,88,2,0,2,QA Engineer,66.7,Near Ready,Java,Java for Test Automation,4,Placed
STU0233,Siddharth Joshi,IT,6,7.34,81.0,92.3,0,Python|Java,React|Spring Boot,Python Certificate|SQL Certificate,1,2,2,1,1,1,2,1,3,7,2,66,74,70,60,84,83,78,83,2,1,1,Data Analyst,60.0,Near Ready,Python|Statistics,Python for Data Analysis|Statistics for Data Analysis,6,Placed
STU0234,Yash Kumar,AI&DS,5,5.87,63.6,60.0,2,Python,React,,1,0,1,1,1,0,0,3,2,6,0,47,47,47,40,76,73,60,67,0,0,0,QA Engineer,7.3,Needs Training,Java|Selenium|API Testing|Automation Testing,Java for Test Automation|Automation Testing with Selenium|Postman & REST API Testing|Mastering Test Automation & Frameworks,10,Not Placed
STU0235,Arjun Iyer,CSE,7,6.81,77.1,76.6,0,Python,Pandas,Python Certificate|SQL Certificate|Cloud Certificate|DSA Certificate,2,0,1,0,0,1,4,2,2,6,2,61,58,59,54,82,84,73,78,0,1,0,Data Analyst,60.0,Near Ready,SQL|Statistics,SQL & Database Fundamentals|Statistics for Data Analysis,6,Placed
STU0236,Anushka Dutta,IT,6,6.1,67.6,64.3,0,Python|Java,React,Python Certificate|SQL Certificate,1,1,1,1,1,1,2,0,1,3,0,56,56,51,47,80,76,68,75,0,1,0,QA Engineer,24.9,Needs Training,Java|Selenium|API Testing|Automation Testing,Java for Test Automation|Automation Testing with Selenium|Postman & REST API Testing|Mastering Test Automation & Frameworks,10,Not Placed
STU0237,Ankit Yadav,CSE,8,7.59,81.5,65.3,0,Python|Java,React|Pandas,,2,1,2,2,1,1,0,4,3,9,0,69,72,69,63,85,82,80,80,0,0,0,QA Engineer,60.0,Near Ready,Java|API Testing,Java for Test Automation|Postman & REST API Testing,6,Placed
STU0238,Siddharth Singh,CSE,7,8.93,95.2,86.0,0,Python|Java|C++,React|Spring Boot|Pandas|AWS,Python Certificate,2,2,1,2,2,2,1,2,3,9,2,81,82,82,79,90,88,92,88,2,2,2,QA Engineer,91.3,Ready,Advanced interview practice,Advanced Placement Interview Mastery,4,Placed
STU0239,Kavya Joshi,IT,8,5.92,65.9,56.5,3,Python,React|Pandas,,2,0,0,1,0,0,0,1,2,3,0,42,42,45,40,74,71,55,65,0,0,0,QA Engineer,5.0,Needs Training,Java|Selenium|API Testing|Automation Testing,Java for Test Automation|Automation Testing with Selenium|Postman & REST API Testing|Mastering Test Automation & Frameworks,10,Not Placed
STU0240,Utkarsh Reddy,CSE,6,7.34,76.9,73.6,1,Python|Java,React|Pandas,Python Certificate|SQL Certificate|Cloud Certificate|DSA Certificate|Web Development Certificate,2,1,2,1,1,1,5,5,4,9,0,66,67,61,60,84,81,78,80,2,2,2,QA Engineer,60.9,Near Ready,Java|API Testing,Java for Test Automation|Postman & REST API Testing,6,Placed
STU0241,Aiswarya Mehta,EEE,8,7.13,78.0,72.9,0,Python,React,Python Certificate|SQL Certificate|Cloud Certificate|DSA Certificate,1,0,1,2,0,0,4,0,2,5,1,63,64,58,56,83,78,75,79,0,0,0,QA Engineer,60.0,Near Ready,Java|API Testing|Automation Testing,Java for Test Automation|Postman & REST API Testing|Mastering Test Automation & Frameworks,8,Placed
STU0242,Gaurav Saxena,Mechanical,7,7.71,82.2,82.6,0,Python|Java,React,Python Certificate|SQL Certificate|Cloud Certificate|DSA Certificate,1,1,2,1,1,1,4,1,2,6,3,73,72,69,69,87,84,85,86,4,2,2,QA Engineer,70.1,Near Ready,Java|API Testing|Automation Testing,Java for Test Automation|Postman & REST API Testing|Mastering Test Automation & Frameworks,8,Placed
STU0243,Vedant Chawla,EEE,7,7.7,79.7,76.0,1,Python|Java,React,,1,1,0,2,1,0,0,2,3,8,2,67,68,67,62,84,78,79,79,1,0,1,QA Engineer,60.0,Near Ready,Java|API Testing,Java for Test Automation|Postman & REST API Testing,6,Placed
STU0244,Karan Agarwal,AI&DS,8,6.32,70.4,60.6,0,Python,Git,,1,0,1,0,1,0,0,2,2,5,0,56,56,55,47,80,72,68,73,1,1,0,QA Engineer,13.4,Needs Training,Java|Selenium|API Testing|Automation Testing,Java for Test Automation|Automation Testing with Selenium|Postman & REST API Testing|Mastering Test Automation & Frameworks,10,Not Placed
STU0245,Sahil Iyer,CSE,7,7.47,74.6,75.0,0,Python|Java,React|Pandas,,2,1,1,1,0,1,0,3,3,7,0,61,65,60,54,82,77,73,77,1,1,1,QA Engineer,60.0,Near Ready,Java|API Testing,Java for Test Automation|Postman & REST API Testing,6,Placed
STU0246,Akash Gupta,EEE,7,5.81,72.7,56.1,0,Java,Git,Python Certificate|SQL Certificate,0,1,0,0,0,0,2,1,2,4,0,55,60,48,47,79,72,67,76,0,1,0,QA Engineer,9.2,Needs Training,Java|Selenium|API Testing|Automation Testing,Java for Test Automation|Automation Testing with Selenium|Postman & REST API Testing|Mastering Test Automation & Frameworks,10,Not Placed
STU0247,Vedant Das,AI&DS,5,8.4,81.6,72.4,0,Python|Java|C++,React|Spring Boot|Pandas,Python Certificate|SQL Certificate,3,2,2,1,1,3,2,3,3,9,1,78,75,74,75,89,88,89,89,2,0,1,Full Stack Developer,71.1,Near Ready,React|NodeJS|MongoDB,Meta Front-End Development|Node.js Backend Development|MongoDB Developer Path,8,Placed
STU0248,Kavya Verma,Mechanical,5,7.67,73.1,79.6,1,Python|Java,React|Pandas,Python Certificate,2,1,1,1,0,1,1,2,2,7,2,65,67,66,59,83,81,77,79,1,0,1,Data Analyst,60.0,Near Ready,SQL|Statistics|Power BI,SQL & Database Fundamentals|Statistics for Data Analysis|Microsoft Power BI Data Analyst,8,Placed
STU0249,Aarav Mehta,Mechanical,8,9.49,86.3,95.2,0,Python|Java|C++,React|Spring Boot|Pandas|AWS,Python Certificate,2,2,3,2,2,2,1,5,4,12,3,88,88,89,87,93,91,99,88,6,1,3,Data Analyst,96.7,Ready,Power BI,Microsoft Power BI Data Analyst,4,Placed
STU0250,Rishabh Singh,ECE,7,8.79,69.5,74.1,0,Python,React,,1,0,0,1,0,1,0,2,2,7,2,64,65,65,58,83,82,76,79,0,0,1,QA Engineer,60.0,Near Ready,Java|API Testing|Automation Testing,Java for Test Automation|Postman & REST API Testing|Mastering Test Automation & Frameworks,8,Placed
STU0251,Vedant Iyer,CSE,7,6.97,66.2,60.3,0,Python|Java,React,Python Certificate,1,1,1,1,1,1,1,3,2,7,0,56,61,56,48,80,74,68,77,0,0,0,QA Engineer,21.3,Needs Training,Java|Selenium|API Testing|Automation Testing,Java for Test Automation|Automation Testing with Selenium|Postman & REST API Testing|Mastering Test Automation & Frameworks,10,Not Placed
STU0252,Chaitanya Yadav,AI&DS,7,5.48,66.7,57.1,0,Python|Java,React,,1,1,0,1,0,0,0,1,2,3,0,47,49,47,40,76,68,59,69,0,0,1,QA Engineer,9.2,Needs Training,Java|Selenium|API Testing|Automation Testing,Java for Test Automation|Automation Testing with Selenium|Postman & REST API Testing|Mastering Test Automation & Frameworks,10,Not Placed
STU0253,Rahul Bhat,ECE,5,5.65,59.1,57.2,0,Python,Git,,1,0,0,0,0,1,0,1,2,4,0,43,44,41,40,74,68,55,69,0,0,0,QA Engineer,5.0,Needs Training,Java|Selenium|API Testing|Automation Testing,Java for Test Automation|Automation Testing with Selenium|Postman & REST API Testing|Mastering Test Automation & Frameworks,10,Not Placed
STU0254,Aiswarya Das,AI&DS,5,5.03,67.9,51.2,1,Python|Java,Spring Boot,Python Certificate,1,2,0,0,0,0,1,0,1,3,0,46,42,43,40,75,72,58,70,0,0,1,QA Engineer,14.2,Needs Training,Selenium|API Testing|Automation Testing,Automation Testing with Selenium|Postman & REST API Testing|Mastering Test Automation & Frameworks,8,Not Placed
STU0255,Siddharth Sharma,CSE,7,7.73,80.3,73.0,0,Python|Java,React|Pandas,,2,1,3,2,1,1,0,3,3,9,0,68,69,70,63,85,84,80,79,2,0,1,Full Stack Developer,60.0,Near Ready,Java|DSA|NodeJS|MongoDB,Java Programming & Spring Boot|Data Structures & Algorithms|Node.js Backend Development|MongoDB Developer Path,10,Placed
STU0256,Anushka Gupta,IT,7,7.59,72.2,83.5,0,Python|Java|C++,React|Spring Boot|Pandas,Python Certificate|SQL Certificate,2,2,2,2,1,2,2,7,5,12,2,71,73,70,66,86,82,83,83,1,2,1,Full Stack Developer,80.0,Ready,Advanced interview practice,Advanced Placement Interview Mastery,4,Placed
STU0257,Abhinav Dutta,EEE,6,6.38,68.6,69.3,0,Python,Git,Python Certificate,0,0,0,0,1,0,1,0,1,2,0,46,48,45,40,75,72,58,68,0,0,0,QA Engineer,11.1,Needs Training,Java|Selenium|API Testing|Automation Testing,Java for Test Automation|Automation Testing with Selenium|Postman & REST API Testing|Mastering Test Automation & Frameworks,10,Not Placed
STU0258,Bhavya Bhat,IT,7,8.12,89.2,80.5,0,Python|Java|C++,React|Spring Boot|Pandas,Python Certificate|SQL Certificate|Cloud Certificate|DSA Certificate|Web Development Certificate,3,2,2,2,1,2,7,4,3,11,1,75,78,80,72,88,86,87,85,1,0,0,Full Stack Developer,84.4,Ready,Advanced interview practice,Advanced Placement Interview Mastery,4,Placed
STU0259,Aditya Shetty,IT,5,6.96,69.2,75.2,1,Python|Java,React,Python Certificate|SQL Certificate,1,1,2,1,0,1,2,2,2,7,0,59,60,54,51,81,78,71,73,2,0,1,QA Engineer,60.0,Near Ready,Java|Selenium|API Testing|Automation Testing,Java for Test Automation|Automation Testing with Selenium|Postman & REST API Testing|Mastering Test Automation & Frameworks,10,Placed
STU0260,Nikhil Deshmukh,CSE,7,7.33,81.3,64.8,0,Java|C++,React,Python Certificate|SQL Certificate|Cloud Certificate|DSA Certificate|Web Development Certificate,0,1,2,1,1,2,5,3,3,7,0,66,67,66,61,84,79,78,85,5,0,2,QA Engineer,60.0,Near Ready,Java|API Testing,Java for Test Automation|Postman & REST API Testing,6,Placed
STU0261,Siddharth Singh,IT,6,9.98,86.6,93.5,0,Python|Java|C++,React|Spring Boot|Pandas,Python Certificate|SQL Certificate|Cloud Certificate,2,3,2,3,1,2,3,3,3,10,2,84,89,86,83,91,88,95,92,5,2,3,Full Stack Developer,93.5,Ready,NodeJS|MongoDB,Node.js Backend Development|MongoDB Developer Path,6,Placed
STU0262,Priya Singh,Mechanical,7,8.24,85.7,78.2,0,Python|Java,React,Python Certificate|SQL Certificate,1,1,2,3,1,1,2,5,3,10,0,75,76,72,72,88,87,87,87,2,0,1,Full Stack Developer,67.8,Near Ready,Java|DSA,Java Programming & Spring Boot|Data Structures & Algorithms,6,Placed
STU0263,Aditya Joshi,CSE,6,8.15,69.5,74.4,1,Python|C++,React|AWS,Python Certificate|SQL Certificate,1,0,2,1,2,2,2,2,2,7,0,61,60,61,55,82,79,73,81,0,0,1,Data Analyst,60.0,Near Ready,Python|Statistics,Python for Data Analysis|Statistics for Data Analysis,6,Placed
STU0264,Nikhil Dutta,AI&DS,7,7.02,61.9,65.5,0,Python|Java,Git,,1,1,1,0,0,0,0,2,2,6,0,54,55,52,45,79,71,66,72,0,0,1,Data Analyst,14.9,Needs Training,Python|SQL|Statistics|Power BI,Python for Data Analysis|SQL & Database Fundamentals|Statistics for Data Analysis|Microsoft Power BI Data Analyst,10,Not Placed
STU0265,Aditya Dutta,EEE,5,5.59,58.9,63.6,1,Python,Git,,0,0,0,0,1,1,0,0,1,2,0,40,42,44,40,73,64,52,67,0,0,0,QA Engineer,5.0,Needs Training,Java|Selenium|API Testing|Automation Testing,Java for Test Automation|Automation Testing with Selenium|Postman & REST API Testing|Mastering Test Automation & Frameworks,10,Not Placed
STU0266,Neha Reddy,IT,5,6.97,71.6,63.3,1,Python|Java,Git,Python Certificate|SQL Certificate,1,1,1,0,1,0,2,0,1,3,1,56,59,55,48,80,74,68,77,0,0,0,QA Engineer,20.5,Needs Training,Java|Selenium|API Testing|Automation Testing,Java for Test Automation|Automation Testing with Selenium|Postman & REST API Testing|Mastering Test Automation & Frameworks,10,Not Placed
STU0267,Zoya Nair,IT,6,7.49,74.3,76.9,0,Python|Java,React|Pandas,Python Certificate|SQL Certificate|Cloud Certificate,2,1,1,2,1,1,3,2,3,6,0,62,64,61,55,82,79,74,79,0,1,1,QA Engineer,60.0,Near Ready,Java|API Testing,Java for Test Automation|Postman & REST API Testing,6,Placed
STU0268,Yash Kumar,IT,7,5.55,64.2,64.4,0,Python,React,,0,0,2,1,0,0,0,2,1,5,0,53,54,47,44,78,69,65,72,0,0,0,Data Analyst,7.2,Needs Training,Python|Statistics|Power BI,Python for Data Analysis|Statistics for Data Analysis|Microsoft Power BI Data Analyst,8,Not Placed
STU0269,Neha Jain,AI&DS,7,7.23,75.0,72.9,0,Python|Java,React|Spring Boot|AWS,,1,2,3,1,2,1,0,3,3,7,1,63,70,63,57,83,84,75,79,0,2,1,QA Engineer,66.8,Near Ready,API Testing,Postman & REST API Testing,4,Placed
STU0270,Siddharth Dutta,CSE,6,8.0,80.0,74.6,1,Python|Java|C++,React|Spring Boot|Pandas,Python Certificate,2,2,2,2,1,2,1,4,3,9,1,66,72,64,60,84,81,78,81,1,1,2,Full Stack Developer,60.0,Near Ready,Advanced interview practice,Advanced Placement Interview Mastery,4,Placed
STU0271,Pranav Kulkarni,ECE,7,7.25,76.0,67.9,0,Python,React,Python Certificate|SQL Certificate|Cloud Certificate,0,0,1,1,0,0,3,0,2,4,1,62,60,59,55,82,79,74,76,1,1,1,QA Engineer,24.1,Needs Training,Java|API Testing|Automation Testing,Java for Test Automation|Postman & REST API Testing|Mastering Test Automation & Frameworks,8,Not Placed
STU0272,Ishaan Singh,ECE,8,6.15,73.7,69.1,0,Python,Git,Python Certificate|SQL Certificate,0,0,1,0,0,0,2,2,2,5,1,57,59,60,49,80,75,69,77,2,0,1,QA Engineer,20.9,Needs Training,Java|Selenium|API Testing|Automation Testing,Java for Test Automation|Automation Testing with Selenium|Postman & REST API Testing|Mastering Test Automation & Frameworks,10,Not Placed
STU0273,Isha Chawla,ECE,7,7.64,76.0,76.1,0,Python|Java,React|Pandas,Python Certificate,2,1,1,1,1,1,1,1,2,5,1,67,70,63,61,84,80,79,78,0,1,1,Data Analyst,60.0,Near Ready,SQL|Statistics|Power BI,SQL & Database Fundamentals|Statistics for Data Analysis|Microsoft Power BI Data Analyst,8,Placed
STU0274,Chaitanya Pillai,EEE,5,8.79,87.4,80.4,0,Python|Java,Git,Python Certificate|SQL Certificate,1,1,1,0,1,0,2,1,3,7,2,70,69,71,65,86,85,82,85,1,1,2,QA Engineer,65.6,Near Ready,Java|API Testing,Java for Test Automation|Postman & REST API Testing,6,Placed
STU0275,Dev Dutta,AI&DS,7,7.03,63.4,65.7,0,Python|Java,React|Pandas,Python Certificate|SQL Certificate,2,1,1,1,0,1,2,0,2,4,0,52,54,51,42,78,71,64,72,0,0,0,QA Engineer,19.5,Needs Training,Java|Selenium|API Testing|Automation Testing,Java for Test Automation|Automation Testing with Selenium|Postman & REST API Testing|Mastering Test Automation & Frameworks,10,Not Placed
STU0276,Pranav Sharma,AI&DS,5,8.88,91.7,92.5,0,Python|Java|C++,React|Spring Boot|Pandas|AWS,,3,2,3,2,2,3,0,5,4,13,1,82,86,86,80,90,86,93,92,2,0,1,Full Stack Developer,92.8,Ready,Advanced interview practice,Advanced Placement Interview Mastery,4,Placed
STU0277,Dev Yadav,ECE,6,7.88,83.1,79.7,0,Python|Java,Git,Python Certificate|SQL Certificate|Cloud Certificate,1,1,1,0,0,1,3,2,3,7,1,64,67,61,57,83,80,76,82,1,0,0,QA Engineer,60.0,Near Ready,Java|API Testing,Java for Test Automation|Postman & REST API Testing,6,Placed
STU0278,Meera Pillai,IT,8,7.34,80.6,68.9,0,Python|Java,React|Pandas,,2,1,2,3,1,1,0,1,2,5,0,65,70,62,59,83,79,77,81,2,1,1,Data Analyst,60.0,Near Ready,Statistics|Power BI,Statistics for Data Analysis|Microsoft Power BI Data Analyst,6,Placed
STU0279,Pranav Pillai,IT,5,7.36,82.7,86.6,1,Python|Java|C++,React|Spring Boot|Pandas,Python Certificate|SQL Certificate,2,2,2,1,1,3,2,5,3,10,1,73,72,74,69,87,84,85,88,1,0,0,QA Engineer,71.6,Near Ready,API Testing,Postman & REST API Testing,4,Placed
STU0280,Yash Chawla,ECE,7,7.27,77.2,70.0,0,Python|Java,React,Python Certificate|SQL Certificate,1,1,1,2,0,1,2,4,3,8,3,68,70,69,62,84,81,79,79,3,1,1,QA Engineer,68.6,Near Ready,Java|API Testing,Java for Test Automation|Postman & REST API Testing,6,Placed
STU0281,Ishaan Pillai,EEE,7,9.23,90.8,87.1,0,Python|Java|C++,React,Python Certificate,1,1,2,1,1,2,1,3,3,9,0,76,78,75,73,88,87,88,89,4,0,1,QA Engineer,84.3,Ready,Java,Java for Test Automation,4,Placed
STU0282,Isha Iyer,AI&DS,7,7.65,73.2,81.3,0,Python|Java|C++,React|Pandas,Python Certificate|SQL Certificate|Cloud Certificate,2,1,2,2,1,2,3,8,4,14,1,68,69,68,63,85,83,80,87,1,1,2,DevOps Engineer,60.0,Near Ready,AWS|Kubernetes,AWS Cloud Practitioner|Kubernetes for DevOps,6,Placed
STU0283,Chaitanya Pillai,AI&DS,7,6.77,68.2,58.0,0,Python|Java,Git,,1,1,1,0,1,1,0,0,1,3,0,57,60,56,49,80,79,69,76,1,0,1,QA Engineer,23.4,Needs Training,Java|Selenium|API Testing|Automation Testing,Java for Test Automation|Automation Testing with Selenium|Postman & REST API Testing|Mastering Test Automation & Frameworks,10,Not Placed
STU0284,Abhinav Kumar,CSE,5,7.71,78.9,78.8,0,Python|Java|C++,React|Pandas|AWS,Python Certificate|SQL Certificate,2,1,2,1,2,2,2,3,3,9,2,69,71,67,64,85,83,81,82,0,0,1,DevOps Engineer,60.0,Near Ready,Docker|Kubernetes,Docker & Kubernetes Bootcamp|Kubernetes for DevOps,6,Placed
STU0285,Nishant Chawla,IT,6,7.31,75.0,61.9,0,Java,React,Python Certificate|SQL Certificate,0,1,2,1,0,1,2,2,3,6,0,51,53,53,41,78,73,63,69,0,0,0,Data Analyst,17.6,Needs Training,Python|Statistics,Python for Data Analysis|Statistics for Data Analysis,6,Not Placed
STU0286,Aditya Chawla,CSE,7,8.42,80.8,71.4,0,Python|Java|C++,React,,1,1,2,2,1,2,0,4,3,9,1,66,63,66,60,84,81,78,84,0,1,1,QA Engineer,66.6,Near Ready,Java|API Testing,Java for Test Automation|Postman & REST API Testing,6,Placed
STU0287,Riya Nair,AI&DS,5,8.58,72.9,82.8,0,Python|Java,React|Pandas,Python Certificate|SQL Certificate,2,1,2,2,1,1,2,2,2,8,2,64,69,61,58,83,81,76,82,1,3,2,QA Engineer,68.4,Near Ready,Java|API Testing|Automation Testing,Java for Test Automation|Postman & REST API Testing|Mastering Test Automation & Frameworks,8,Placed
STU0288,Divya Shetty,AI&DS,6,7.21,74.8,69.2,0,Python|Java|C++,React|Pandas,Python Certificate,2,1,1,2,1,2,1,4,3,9,0,62,65,61,55,82,78,74,80,0,2,1,QA Engineer,60.0,Near Ready,Java|API Testing,Java for Test Automation|Postman & REST API Testing,6,Placed
STU0289,Rohan Shah,CSE,5,7.52,73.9,69.0,0,Java,React|Spring Boot|AWS,Python Certificate,0,2,1,3,2,1,1,4,3,8,1,63,64,62,57,83,79,75,75,0,0,0,Full Stack Developer,60.0,Near Ready,DSA|MongoDB,Data Structures & Algorithms|MongoDB Developer Path,6,Placed
STU0290,Kunal Shetty,IT,5,5.0,59.4,58.5,1,Python,Git,,1,0,0,0,0,0,0,0,2,2,0,42,41,45,40,74,65,55,66,0,0,0,QA Engineer,5.0,Needs Training,Java|Selenium|API Testing|Automation Testing,Java for Test Automation|Automation Testing with Selenium|Postman & REST API Testing|Mastering Test Automation & Frameworks,10,Not Placed
STU0291,Harsh Nair,CSE,6,7.69,78.5,74.2,0,Python|Java|C++,Git,Python Certificate,1,1,1,0,0,2,1,1,2,5,0,58,62,57,50,81,78,70,76,2,0,1,QA Engineer,60.0,Near Ready,Java|Selenium|API Testing|Automation Testing,Java for Test Automation|Automation Testing with Selenium|Postman & REST API Testing|Mastering Test Automation & Frameworks,10,Placed
STU0292,Aditi Saxena,CSE,5,7.01,71.9,75.0,0,Python,React,,1,0,2,1,1,1,0,2,3,7,0,66,63,62,60,84,76,78,80,1,1,0,QA Engineer,60.0,Near Ready,Java|API Testing,Java for Test Automation|Postman & REST API Testing,6,Placed
STU0293,Divya Rao,ECE,7,7.77,87.3,83.4,0,Python|Java,Pandas,,2,1,1,0,0,1,0,3,2,9,0,67,65,67,61,84,83,78,76,2,0,1,QA Engineer,60.0,Near Ready,Java|API Testing|Automation Testing,Java for Test Automation|Postman & REST API Testing|Mastering Test Automation & Frameworks,8,Placed
STU0294,Meera Iyer,AI&DS,7,5.92,73.9,68.9,0,Python|Java,React|Pandas,,2,1,2,1,1,0,0,2,2,6,0,52,51,53,43,78,78,65,73,0,0,0,DevOps Engineer,6.7,Needs Training,AWS|Docker|Kubernetes,AWS Cloud Practitioner|Docker & Kubernetes Bootcamp|Kubernetes for DevOps,8,Not Placed
STU0295,Ananya Jain,CSE,8,8.47,93.6,73.3,0,Python|Java,React|Spring Boot|Pandas|AWS,Python Certificate|SQL Certificate,3,2,3,2,2,1,2,2,3,8,3,80,77,78,78,90,87,92,87,1,0,1,Data Analyst,88.4,Ready,Advanced interview practice,Advanced Placement Interview Mastery,4,Placed
STU0296,Kavya Shah,AI&DS,6,6.22,68.8,64.0,0,Python|Java,Git,Python Certificate|SQL Certificate,1,1,0,0,0,1,2,3,2,6,0,54,54,53,46,79,78,67,73,0,1,0,QA Engineer,22.0,Needs Training,Java|Selenium|API Testing|Automation Testing,Java for Test Automation|Automation Testing with Selenium|Postman & REST API Testing|Mastering Test Automation & Frameworks,10,Not Placed
STU0297,Vikas Agarwal,ECE,6,8.17,85.0,80.4,0,Python|Java|C++,React|Spring Boot,,1,2,2,1,0,2,0,3,3,9,1,76,78,78,73,88,86,88,81,4,1,2,Full Stack Developer,80.0,Ready,React|NodeJS|MongoDB,Meta Front-End Development|Node.js Backend Development|MongoDB Developer Path,8,Placed
STU0298,Pooja Saxena,CSE,5,7.66,74.3,81.7,0,Python|Java,React|Pandas,Python Certificate|SQL Certificate,2,1,1,2,1,1,2,4,3,10,2,70,70,72,65,85,82,81,81,2,0,1,QA Engineer,60.3,Near Ready,Java|API Testing,Java for Test Automation|Postman & REST API Testing,6,Placed
STU0299,Shreya Mehta,IT,7,6.58,70.2,53.4,0,Python|Java,React,,1,1,0,2,1,1,0,0,2,3,1,57,59,55,49,80,73,69,73,0,1,1,QA Engineer,24.2,Needs Training,Java|Selenium|API Testing|Automation Testing,Java for Test Automation|Automation Testing with Selenium|Postman & REST API Testing|Mastering Test Automation & Frameworks,10,Not Placed
STU0300,Aditi Kumar,CSE,7,9.69,94.7,100.0,0,Python|Java|C++,React|Spring Boot|Pandas|AWS,Python Certificate|SQL Certificate|Cloud Certificate,3,3,3,2,2,3,3,6,4,14,3,86,87,88,85,92,89,97,90,4,2,2,Full Stack Developer,96.9,Ready,Advanced interview practice,Advanced Placement Interview Mastery,4,Placed
STU0301,Karan Patel,CSE,5,5.75,74.9,67.4,0,Java,React,Python Certificate,0,1,0,1,0,1,1,1,1,5,2,50,54,48,41,77,75,63,70,0,0,0,QA Engineer,14.3,Needs Training,Java|Selenium|API Testing|Automation Testing,Java for Test Automation|Automation Testing with Selenium|Postman & REST API Testing|Mastering Test Automation & Frameworks,10,Not Placed
STU0302,Tanvi Iyer,AI&DS,8,8.53,79.8,84.2,0,Python|Java|C++,React|Spring Boot|Pandas|AWS,Python Certificate|SQL Certificate|Cloud Certificate|DSA Certificate,2,2,3,2,2,2,4,6,4,12,1,76,75,75,72,88,85,87,87,2,0,1,Full Stack Developer,88.5,Ready,Advanced interview practice,Advanced Placement Interview Mastery,4,Placed
STU0303,Aditya Kumar,AI&DS,5,9.11,84.2,91.1,0,Python|Java|C++,React|Spring Boot|Pandas,Python Certificate|SQL Certificate|Cloud Certificate,3,3,2,1,1,3,3,3,3,10,3,77,79,77,74,88,91,88,85,6,0,2,QA Engineer,94.1,Ready,Advanced interview practice,Advanced Placement Interview Mastery,4,Placed
STU0304,Utkarsh Das,IT,7,6.57,71.9,83.0,0,Python|Java,React|Spring Boot,Python Certificate|SQL Certificate,1,2,1,1,1,1,2,3,2,7,1,57,57,56,49,80,76,69,75,3,0,1,QA Engineer,60.0,Near Ready,Selenium|API Testing|Automation Testing,Automation Testing with Selenium|Postman & REST API Testing|Mastering Test Automation & Frameworks,8,Placed
STU0305,Neha Yadav,IT,7,8.53,82.2,92.8,0,Python|Java|C++,React|Spring Boot|Pandas|AWS,Python Certificate|SQL Certificate|Cloud Certificate,3,2,3,3,2,2,3,4,3,12,1,81,85,80,79,90,89,93,92,3,1,2,DevOps Engineer,86.4,Ready,Docker|Kubernetes,Docker & Kubernetes Bootcamp|Kubernetes for DevOps,6,Placed
STU0306,Manish Das,Mechanical,8,7.13,79.0,78.4,0,Python,Git,Python Certificate|SQL Certificate,1,0,1,0,0,0,2,1,2,6,1,62,65,62,55,82,76,74,81,1,2,2,QA Engineer,60.0,Near Ready,Java|API Testing|Automation Testing,Java for Test Automation|Postman & REST API Testing|Mastering Test Automation & Frameworks,8,Placed
STU0307,Utkarsh Agarwal,AI&DS,7,8.38,76.7,78.4,0,Python|Java,React|Pandas,Python Certificate|SQL Certificate|Cloud Certificate,2,1,2,1,1,1,3,6,4,12,0,68,70,67,63,85,80,80,84,1,2,1,Data Analyst,80.0,Ready,Statistics,Statistics for Data Analysis,4,Placed
STU0308,Anushka Rao,AI&DS,8,7.86,79.1,76.5,0,Python|Java|C++,React|Pandas,Python Certificate,2,1,3,2,1,2,1,1,2,7,1,68,73,70,63,85,80,80,82,3,0,1,Data Analyst,64.3,Near Ready,Statistics|Power BI,Statistics for Data Analysis|Microsoft Power BI Data Analyst,6,Placed
STU0309,Sneha Reddy,ECE,6,7.1,74.7,70.9,0,Python|Java,React,Python Certificate,1,1,1,1,0,1,1,0,2,4,3,63,64,63,57,83,80,75,82,0,0,0,QA Engineer,60.0,Near Ready,Java|API Testing|Automation Testing,Java for Test Automation|Postman & REST API Testing|Mastering Test Automation & Frameworks,8,Placed
STU0310,Karan Verma,CSE,8,8.55,80.5,77.3,0,Python|C++,React|Pandas,Python Certificate|SQL Certificate|Cloud Certificate|DSA Certificate|Web Development Certificate,2,0,2,1,1,2,5,2,3,8,1,74,76,76,71,87,88,86,81,2,2,1,QA Engineer,80.0,Ready,Java,Java for Test Automation,4,Placed
STU0311,Aiswarya Das,AI&DS,5,7.74,84.3,78.0,0,Python|Java,React|Spring Boot,,1,2,2,1,1,1,0,1,2,7,2,74,76,72,70,87,82,86,85,0,0,1,Data Analyst,61.9,Near Ready,Python|Power BI,Python for Data Analysis|Microsoft Power BI Data Analyst,6,Placed
STU0312,Aarav Agarwal,CSE,8,6.09,62.9,51.2,0,Python|Java,React,,1,1,1,1,1,0,0,0,1,4,0,44,48,40,40,75,72,56,65,0,0,0,QA Engineer,8.6,Needs Training,Java|Selenium|API Testing|Automation Testing,Java for Test Automation|Automation Testing with Selenium|Postman & REST API Testing|Mastering Test Automation & Frameworks,10,Not Placed
STU0313,Shreya Saxena,CSE,7,9.01,86.6,86.3,0,Python|Java|C++,React|Spring Boot|Pandas|AWS,Python Certificate|SQL Certificate|Cloud Certificate,3,2,2,2,2,3,3,1,2,7,1,80,80,83,78,90,89,92,90,2,1,2,Full Stack Developer,82.4,Ready,NodeJS|MongoDB,Node.js Backend Development|MongoDB Developer Path,6,Placed
STU0314,Deepak Yadav,Mechanical,8,5.68,61.1,50.0,0,Python,Git,,0,0,1,0,0,1,0,3,2,5,0,45,45,43,40,75,73,57,66,0,0,0,QA Engineer,6.2,Needs Training,Java|Selenium|API Testing|Automation Testing,Java for Test Automation|Automation Testing with Selenium|Postman & REST API Testing|Mastering Test Automation & Frameworks,10,Not Placed
STU0315,Ishaan Saxena,ECE,7,8.11,87.9,85.4,0,Python|Java,React|Spring Boot|Pandas,Python Certificate,2,2,2,1,1,1,1,6,4,12,2,77,76,76,74,88,86,89,83,0,1,1,QA Engineer,85.4,Ready,Advanced interview practice,Advanced Placement Interview Mastery,4,Placed
STU0316,Divya Shah,IT,7,8.18,95.3,84.9,0,Python|Java|C++,React|Spring Boot|Pandas|AWS,Python Certificate|SQL Certificate,2,2,2,2,2,3,2,3,2,10,3,78,80,78,75,89,87,90,87,2,2,2,Full Stack Developer,89.1,Ready,NodeJS|MongoDB,Node.js Backend Development|MongoDB Developer Path,6,Placed
STU0317,Priya Gupta,AI&DS,7,6.68,70.0,66.1,0,Python|Java,React,Python Certificate,1,1,2,2,1,0,1,1,2,4,0,52,58,52,42,78,74,64,74,0,0,1,Data Analyst,17.0,Needs Training,Python|Statistics|Power BI,Python for Data Analysis|Statistics for Data Analysis|Microsoft Power BI Data Analyst,8,Not Placed
STU0318,Yash Kapoor,CSE,7,7.7,79.7,68.2,0,Python,React,,1,0,1,1,1,1,0,1,2,5,2,60,64,60,52,81,74,72,75,3,0,1,QA Engineer,60.0,Near Ready,Java|API Testing|Automation Testing,Java for Test Automation|Postman & REST API Testing|Mastering Test Automation & Frameworks,8,Placed
STU0319,Meera Kulkarni,CSE,5,6.08,62.2,83.5,0,Python,React,Python Certificate|SQL Certificate,1,0,1,2,0,1,2,0,1,3,0,51,57,49,42,78,77,64,73,0,0,1,Data Analyst,12.8,Needs Training,Python|SQL|Statistics,Python for Data Analysis|SQL & Database Fundamentals|Statistics for Data Analysis,8,Not Placed
STU0320,Manish Saxena,CSE,5,7.51,77.1,81.2,0,Python|Java,Pandas,Python Certificate|SQL Certificate|Cloud Certificate,2,1,2,0,1,1,3,2,2,7,0,62,61,63,55,82,81,74,75,3,0,2,QA Engineer,60.0,Near Ready,Java|API Testing|Automation Testing,Java for Test Automation|Postman & REST API Testing|Mastering Test Automation & Frameworks,8,Placed
STU0321,Anushka Yadav,AI&DS,6,6.15,70.0,64.8,0,Python|C++,React|Pandas,Python Certificate|SQL Certificate,2,0,2,1,1,2,2,3,3,8,0,61,64,58,54,82,81,73,77,0,1,1,Data Analyst,25.5,Needs Training,Statistics,Statistics for Data Analysis,4,Not Placed
STU0322,Kunal Agarwal,IT,6,7.99,76.9,83.4,0,Python|Java|C++,React|Pandas,Python Certificate|SQL Certificate|Cloud Certificate,2,1,3,2,1,2,3,6,4,12,0,74,70,69,70,87,87,86,84,2,0,1,QA Engineer,80.0,Ready,Java,Java for Test Automation,4,Placed
STU0323,Kunal Saxena,IT,8,8.79,84.8,83.1,0,Python|Java|C++,React|Spring Boot|Pandas,Python Certificate|SQL Certificate|Cloud Certificate,3,2,3,2,1,3,3,0,2,7,2,80,76,82,78,90,90,92,90,2,2,2,QA Engineer,92.2,Ready,Automation Testing,Mastering Test Automation & Frameworks,4,Placed
STU0324,Pranav Mehta,CSE,6,8.44,95.1,81.5,0,Python|Java|C++,React|Spring Boot|Pandas,Python Certificate|SQL Certificate|Cloud Certificate,3,2,3,1,1,2,3,2,3,9,1,81,83,84,80,90,86,93,89,0,2,1,Data Analyst,90.8,Ready,Advanced interview practice,Advanced Placement Interview Mastery,4,Placed
STU0325,Pooja Thakur,Mechanical,8,6.47,78.3,61.9,1,Java,Git,Python Certificate,0,1,1,0,0,1,1,2,1,6,2,58,58,62,50,80,73,70,74,0,0,0,QA Engineer,26.7,Needs Training,Java|Selenium|API Testing|Automation Testing,Java for Test Automation|Automation Testing with Selenium|Postman & REST API Testing|Mastering Test Automation & Frameworks,10,Not Placed
STU0326,Khushi Bhat,IT,6,6.96,77.5,75.7,0,Python|Java|C++,React,Python Certificate,1,1,1,1,0,2,1,2,2,7,1,62,64,60,55,82,79,74,82,3,0,1,QA Engineer,60.0,Near Ready,Java|API Testing|Automation Testing,Java for Test Automation|Postman & REST API Testing|Mastering Test Automation & Frameworks,8,Placed
STU0327,Arjun Reddy,IT,6,5.96,56.9,55.8,0,Java,React,Python Certificate,0,1,1,1,0,1,1,0,1,2,0,45,46,41,40,75,70,57,69,0,0,0,QA Engineer,8.1,Needs Training,Java|Selenium|API Testing|Automation Testing,Java for Test Automation|Automation Testing with Selenium|Postman & REST API Testing|Mastering Test Automation & Frameworks,10,Not Placed
STU0328,Pranav Saxena,IT,7,6.6,70.6,73.6,0,Java,React|Spring Boot,Python Certificate,0,2,2,1,0,1,1,0,2,4,1,55,55,61,47,79,75,67,76,0,1,0,QA Engineer,27.9,Needs Training,Selenium|API Testing|Automation Testing,Automation Testing with Selenium|Postman & REST API Testing|Mastering Test Automation & Frameworks,8,Not Placed
STU0329,Nishant Saxena,AI&DS,7,7.35,87.2,89.6,0,Python|Java|C++,React|Spring Boot|Pandas|AWS,Python Certificate|SQL Certificate,3,2,2,1,2,2,2,1,3,8,1,76,77,74,73,88,84,88,84,1,1,2,QA Engineer,80.3,Ready,Advanced interview practice,Advanced Placement Interview Mastery,4,Placed
STU0330,Ishaan Dutta,CSE,7,8.06,91.8,97.8,0,Python|Java|C++,React|Spring Boot|Pandas|AWS,Python Certificate|SQL Certificate|Cloud Certificate,3,2,2,3,3,3,3,6,4,13,1,84,88,85,83,91,89,95,93,2,2,2,Full Stack Developer,93.0,Ready,Advanced interview practice,Advanced Placement Interview Mastery,4,Placed
STU0331,Dev Kulkarni,AI&DS,7,5.96,58.9,58.8,1,Python|Java,Git,,1,1,0,0,1,1,0,1,2,4,0,50,51,46,40,77,70,62,71,0,0,1,QA Engineer,9.8,Needs Training,Java|Selenium|API Testing|Automation Testing,Java for Test Automation|Automation Testing with Selenium|Postman & REST API Testing|Mastering Test Automation & Frameworks,10,Not Placed
STU0332,Sneha Joshi,ECE,7,7.14,68.8,72.5,0,Python|Java,Git,Python Certificate|SQL Certificate,1,1,1,0,0,0,2,0,1,4,0,58,60,58,50,80,74,70,77,1,0,1,QA Engineer,19.6,Needs Training,Java|Selenium|API Testing|Automation Testing,Java for Test Automation|Automation Testing with Selenium|Postman & REST API Testing|Mastering Test Automation & Frameworks,10,Not Placed
STU0333,Pooja Bhat,CSE,6,6.1,77.5,78.6,0,Python|Java,React|Spring Boot,Python Certificate,1,2,2,3,1,1,1,2,2,6,2,64,66,62,58,83,81,76,79,0,1,0,QA Engineer,60.0,Near Ready,API Testing|Automation Testing,Postman & REST API Testing|Mastering Test Automation & Frameworks,6,Placed
STU0334,Aarav Joshi,CSE,8,7.53,82.9,74.7,0,Python|Java|C++,React|Pandas,Python Certificate,2,1,2,2,1,2,1,4,3,9,0,68,70,69,63,85,84,80,79,1,1,1,Full Stack Developer,60.0,Near Ready,Java,Java Programming & Spring Boot,4,Placed
STU0335,Khushi Reddy,CSE,8,6.43,60.5,63.1,0,Python,React,Python Certificate,1,0,1,1,1,1,1,1,2,5,1,55,56,51,46,79,74,67,73,1,0,0,QA Engineer,18.0,Needs Training,Java|Selenium|API Testing|Automation Testing,Java for Test Automation|Automation Testing with Selenium|Postman & REST API Testing|Mastering Test Automation & Frameworks,10,Not Placed
STU0336,Priya Pillai,CSE,7,8.62,80.6,88.5,0,Python|Java|C++,React|Spring Boot|Pandas,Python Certificate|SQL Certificate,2,2,2,2,1,2,2,5,4,11,1,70,73,75,65,85,84,81,82,3,1,1,QA Engineer,84.9,Ready,API Testing,Postman & REST API Testing,4,Placed
STU0337,Tanvi Kulkarni,ECE,6,6.83,74.9,72.1,0,Python,Git,Python Certificate,0,0,0,0,1,0,1,3,2,8,0,59,58,53,51,81,79,71,75,0,0,0,QA Engineer,21.6,Needs Training,Java|Selenium|API Testing|Automation Testing,Java for Test Automation|Automation Testing with Selenium|Postman & REST API Testing|Mastering Test Automation & Frameworks,10,Not Placed
STU0338,Vikas Mehta,IT,7,7.68,82.1,78.7,1,Python|Java,React|Spring Boot|Pandas,,2,2,2,2,1,1,0,3,3,9,0,65,64,69,58,83,84,76,76,0,0,0,QA Engineer,62.1,Near Ready,API Testing,Postman & REST API Testing,4,Placed
STU0339,Rohan Chowdhury,AI&DS,5,8.12,85.8,75.0,0,Python|Java|C++,React|Spring Boot|Pandas,,2,2,2,2,1,2,0,1,3,7,1,71,71,74,67,86,83,83,83,2,1,1,Full Stack Developer,70.8,Near Ready,NodeJS|MongoDB,Node.js Backend Development|MongoDB Developer Path,6,Placed
STU0340,Rahul Saxena,CSE,5,6.44,81.0,67.7,0,Python|Java,React,Python Certificate,1,1,2,1,1,0,1,5,3,9,0,65,63,61,59,83,78,77,78,1,1,2,QA Engineer,60.0,Near Ready,Java|API Testing,Java for Test Automation|Postman & REST API Testing,6,Placed
STU0341,Gaurav Agarwal,AI&DS,6,7.45,70.5,67.7,0,Python|Java,Pandas,Python Certificate|SQL Certificate,2,1,1,0,0,1,2,1,2,5,0,59,62,58,52,81,79,71,74,1,0,1,QA Engineer,60.0,Near Ready,Java|Selenium|API Testing|Automation Testing,Java for Test Automation|Automation Testing with Selenium|Postman & REST API Testing|Mastering Test Automation & Frameworks,10,Placed
STU0342,Riya Pillai,AI&DS,7,7.5,67.6,73.3,0,Python|Java|C++,React|Spring Boot,,1,2,2,1,0,2,0,4,3,8,0,63,66,63,57,83,79,75,82,0,1,2,QA Engineer,68.6,Near Ready,API Testing,Postman & REST API Testing,4,Placed
STU0343,Ishaan Patel,CSE,8,7.67,75.3,67.8,0,Python|Java|C++,AWS,,1,1,1,0,2,2,0,3,3,8,0,64,66,63,57,83,77,76,81,1,0,0,QA Engineer,60.0,Near Ready,Java|API Testing,Java for Test Automation|Postman & REST API Testing,6,Placed
STU0344,Yash Gupta,AI&DS,7,9.09,80.0,71.6,0,Python|Java,React|Pandas,Python Certificate|SQL Certificate,2,1,1,2,1,1,2,2,3,8,2,60,66,58,53,81,83,72,78,0,0,0,DevOps Engineer,60.0,Near Ready,AWS|Docker|Kubernetes,AWS Cloud Practitioner|Docker & Kubernetes Bootcamp|Kubernetes for DevOps,8,Placed
STU0345,Khushi Agarwal,AI&DS,7,6.2,82.9,62.5,1,Python|C++,React,Python Certificate|SQL Certificate,1,0,2,1,1,2,2,3,2,7,0,62,63,68,55,82,80,74,79,0,1,1,Data Analyst,27.9,Needs Training,Python|Statistics,Python for Data Analysis|Statistics for Data Analysis,6,Not Placed
STU0346,Yash Pandey,IT,7,9.96,94.3,82.7,0,Python|Java|C++,React|Spring Boot|Pandas|AWS,Python Certificate|SQL Certificate|Cloud Certificate|DSA Certificate|Web Development Certificate,3,3,3,2,2,2,6,3,4,11,0,84,89,86,83,91,89,95,94,0,1,1,Data Analyst,94.9,Ready,Advanced interview practice,Advanced Placement Interview Mastery,4,Placed
STU0347,Varun Mehta,IT,6,7.92,84.6,84.1,0,Python|Java,React|Spring Boot|AWS,Python Certificate,1,2,3,2,2,1,1,7,4,13,2,71,71,70,67,86,84,83,80,4,0,2,Full Stack Developer,80.0,Ready,DSA,Data Structures & Algorithms,4,Placed
STU0348,Anish Shetty,CSE,6,7.35,77.5,76.0,0,Python|Java,React|Pandas,,2,1,2,1,1,0,0,1,2,5,0,61,65,59,54,82,78,73,79,1,0,1,QA Engineer,60.0,Near Ready,Java|API Testing|Automation Testing,Java for Test Automation|Postman & REST API Testing|Mastering Test Automation & Frameworks,8,Placed
STU0349,Karthik Nair,AI&DS,8,8.17,80.8,78.9,0,Python|Java|C++,React|Spring Boot|Pandas,Python Certificate|SQL Certificate|Cloud Certificate,2,2,2,1,1,2,3,5,4,12,2,73,74,69,69,87,83,85,82,2,1,2,QA Engineer,83.1,Ready,API Testing,Postman & REST API Testing,4,Placed
STU0350,Zoya Joshi,IT,5,6.95,74.7,65.9,0,Python|Java,React,Python Certificate,1,1,2,2,1,1,1,3,2,8,1,61,64,59,54,82,78,73,78,0,0,1,Full Stack Developer,23.4,Needs Training,Java|DSA|NodeJS|MongoDB,Java Programming & Spring Boot|Data Structures & Algorithms|Node.js Backend Development|MongoDB Developer Path,10,Not Placed
STU0351,Harsh Pillai,AI&DS,8,8.39,95.7,79.4,0,Python|Java|C++,React|Spring Boot|Pandas|AWS,Python Certificate|SQL Certificate|Cloud Certificate|DSA Certificate,2,2,2,3,2,2,4,4,3,10,2,79,82,81,76,89,87,90,90,0,1,1,QA Engineer,89.2,Ready,Advanced interview practice,Advanced Placement Interview Mastery,4,Placed
STU0352,Divya Singh,ECE,7,8.03,76.2,76.1,0,Java,React|Spring Boot,Python Certificate|SQL Certificate,0,2,2,1,1,1,2,2,2,7,3,69,71,68,64,85,83,81,81,2,0,1,QA Engineer,80.8,Ready,API Testing|Automation Testing,Postman & REST API Testing|Mastering Test Automation & Frameworks,6,Placed
STU0353,Aditi Verma,IT,7,6.63,85.2,77.9,1,Python|Java,React|Pandas,Python Certificate|SQL Certificate,2,1,1,2,1,1,2,2,2,7,1,63,64,63,57,83,80,75,80,0,0,1,QA Engineer,60.0,Near Ready,Java|API Testing|Automation Testing,Java for Test Automation|Postman & REST API Testing|Mastering Test Automation & Frameworks,8,Placed
STU0354,Isha Mishra,CSE,7,8.32,80.0,84.6,0,Python|Java,React|Spring Boot|Pandas,Python Certificate|SQL Certificate|Cloud Certificate,2,2,2,2,1,1,3,2,3,7,0,70,71,73,65,86,81,82,84,3,0,1,QA Engineer,80.0,Ready,API Testing,Postman & REST API Testing,4,Placed
STU0355,Varun Chawla,CSE,7,5.72,72.1,57.9,0,Python,Git,,1,0,1,0,1,1,0,1,1,3,0,46,47,44,40,75,70,58,72,0,0,1,QA Engineer,8.3,Needs Training,Java|Selenium|API Testing|Automation Testing,Java for Test Automation|Automation Testing with Selenium|Postman & REST API Testing|Mastering Test Automation & Frameworks,10,Not Placed
STU0356,Rishabh Gupta,IT,8,5.81,62.0,57.9,0,Python|Java,React,,1,1,2,1,0,1,0,2,2,4,0,51,53,47,42,78,70,64,69,0,0,0,QA Engineer,13.2,Needs Training,Java|Selenium|API Testing|Automation Testing,Java for Test Automation|Automation Testing with Selenium|Postman & REST API Testing|Mastering Test Automation & Frameworks,10,Not Placed
STU0357,Rohan Das,CSE,8,6.08,71.4,65.9,0,Python|Java,Pandas,Python Certificate|SQL Certificate,2,1,1,0,0,1,2,1,2,4,0,50,52,49,41,77,72,63,71,0,0,1,Data Analyst,15.0,Needs Training,SQL|Statistics,SQL & Database Fundamentals|Statistics for Data Analysis,6,Not Placed
STU0358,Vedant Deshmukh,IT,7,8.27,75.5,71.3,0,Python|Java,Pandas|AWS,Python Certificate,2,1,2,0,2,1,1,1,2,6,0,66,69,68,61,84,77,78,82,0,0,1,QA Engineer,60.0,Near Ready,Java|API Testing|Automation Testing,Java for Test Automation|Postman & REST API Testing|Mastering Test Automation & Frameworks,8,Placed
STU0359,Divya Thakur,EEE,6,8.96,84.8,87.5,0,Python|Java|C++,React|Spring Boot|Pandas,Python Certificate|SQL Certificate|Cloud Certificate|DSA Certificate|Web Development Certificate,2,2,2,2,1,2,8,3,3,11,1,86,89,87,85,92,93,97,95,1,5,2,QA Engineer,93.7,Ready,Advanced interview practice,Advanced Placement Interview Mastery,4,Placed
STU0360,Abhinav Rao,IT,7,9.91,96.9,100.0,0,Python|Java|C++,React|Spring Boot|Pandas|AWS,Python Certificate|SQL Certificate,3,3,3,2,2,3,2,6,4,15,1,91,92,85,92,94,94,100,96,7,3,3,Full Stack Developer,98.0,Ready,Advanced interview practice,Advanced Placement Interview Mastery,4,Placed
STU0361,Sahil Rao,AI&DS,8,7.77,88.2,85.7,0,Python|Java|C++,React|Spring Boot|Pandas,Python Certificate|SQL Certificate,2,2,3,1,1,2,2,3,2,10,0,72,74,73,68,86,84,84,85,0,3,2,Data Analyst,80.0,Ready,Statistics,Statistics for Data Analysis,4,Placed
STU0362,Isha Singh,IT,6,8.38,77.8,80.5,0,Python|Java|C++,React|Pandas,Python Certificate,3,1,3,1,1,2,1,0,1,7,1,71,72,70,66,86,82,83,86,1,0,1,Data Analyst,84.6,Ready,Statistics|Power BI,Statistics for Data Analysis|Microsoft Power BI Data Analyst,6,Placed
STU0363,Vikas Thakur,AI&DS,7,6.04,56.1,51.2,0,Java,React,,0,1,2,1,0,1,0,0,2,2,0,43,42,43,40,74,73,56,66,0,0,1,QA Engineer,6.3,Needs Training,Java|Selenium|API Testing|Automation Testing,Java for Test Automation|Automation Testing with Selenium|Postman & REST API Testing|Mastering Test Automation & Frameworks,10,Not Placed
STU0364,Aarav Dutta,AI&DS,7,7.88,73.2,71.4,0,Python|Java,React,Python Certificate|SQL Certificate,1,1,1,1,0,1,2,0,2,4,2,58,59,55,50,81,77,70,79,0,0,1,QA Engineer,60.0,Near Ready,Java|Selenium|API Testing|Automation Testing,Java for Test Automation|Automation Testing with Selenium|Postman & REST API Testing|Mastering Test Automation & Frameworks,10,Placed
STU0365,Karthik Chawla,EEE,7,6.62,71.3,74.3,0,Java,Git,,0,1,0,0,0,1,0,1,2,4,0,55,55,51,47,79,73,67,79,0,0,0,QA Engineer,17.1,Needs Training,Java|Selenium|API Testing|Automation Testing,Java for Test Automation|Automation Testing with Selenium|Postman & REST API Testing|Mastering Test Automation & Frameworks,10,Not Placed
STU0366,Rishabh Dutta,AI&DS,5,7.21,75.8,67.2,1,Python|Java,React|Pandas,,2,1,1,1,1,1,0,2,2,7,0,57,58,56,49,80,77,69,72,0,0,1,QA Engineer,60.0,Near Ready,Java|Selenium|API Testing|Automation Testing,Java for Test Automation|Automation Testing with Selenium|Postman & REST API Testing|Mastering Test Automation & Frameworks,10,Placed
STU0367,Ankit Jain,Mechanical,7,7.38,81.4,81.6,0,Python,Git,Python Certificate|SQL Certificate|Cloud Certificate,0,0,1,0,1,0,3,4,2,8,0,63,67,63,56,82,79,74,79,0,0,0,QA Engineer,60.0,Near Ready,Java|API Testing|Automation Testing,Java for Test Automation|Postman & REST API Testing|Mastering Test Automation & Frameworks,8,Placed
STU0368,Priya Nair,EEE,8,7.68,73.9,78.5,0,Python|Java,Git,Python Certificate,1,1,0,0,0,0,1,2,2,6,0,59,63,55,52,81,78,71,76,1,0,0,QA Engineer,60.0,Near Ready,Java|Selenium|API Testing|Automation Testing,Java for Test Automation|Automation Testing with Selenium|Postman & REST API Testing|Mastering Test Automation & Frameworks,10,Placed
STU0369,Dev Pillai,CSE,6,5.16,71.4,67.2,2,Python,Git,Python Certificate|SQL Certificate,0,0,1,0,0,1,2,0,2,2,0,41,41,41,40,73,69,53,66,0,0,0,QA Engineer,5.0,Needs Training,Java|Selenium|API Testing|Automation Testing,Java for Test Automation|Automation Testing with Selenium|Postman & REST API Testing|Mastering Test Automation & Frameworks,10,Not Placed
STU0370,Abhinav Agarwal,CSE,6,8.62,85.1,83.6,0,Python|Java,React|Pandas|AWS,Python Certificate|SQL Certificate|Cloud Certificate|DSA Certificate|Web Development Certificate,2,1,2,3,2,1,6,2,2,8,2,74,76,72,70,87,86,85,90,1,0,1,Data Analyst,80.0,Ready,Advanced interview practice,Advanced Placement Interview Mastery,4,Placed
STU0371,Rohan Verma,CSE,8,6.33,67.7,68.9,3,Python|Java,Git,Python Certificate|SQL Certificate,1,1,1,0,0,0,2,0,1,3,0,52,54,45,43,78,74,64,73,0,0,1,QA Engineer,9.2,Needs Training,Java|Selenium|API Testing|Automation Testing,Java for Test Automation|Automation Testing with Selenium|Postman & REST API Testing|Mastering Test Automation & Frameworks,10,Not Placed
STU0372,Siddharth Nair,CSE,6,7.71,71.9,85.6,0,Python|Java|C++,React|Pandas,Python Certificate,2,1,2,1,0,2,1,2,3,6,1,68,68,67,62,84,85,79,81,2,1,1,QA Engineer,62.3,Near Ready,Java|API Testing,Java for Test Automation|Postman & REST API Testing,6,Placed
STU0373,Anushka Chowdhury,CSE,8,9.62,93.3,96.4,0,Python|Java|C++,React|Spring Boot|Pandas|AWS,Python Certificate|SQL Certificate,3,3,2,2,2,3,2,6,4,15,3,90,89,88,90,94,94,100,94,1,1,1,Full Stack Developer,97.2,Ready,Advanced interview practice,Advanced Placement Interview Mastery,4,Placed
STU0374,Arjun Pillai,IT,7,6.71,69.0,63.7,1,Java,Git,Python Certificate|SQL Certificate|Cloud Certificate,0,1,1,0,0,1,3,3,2,6,1,54,55,46,45,79,79,66,75,0,0,1,QA Engineer,22.8,Needs Training,Java|Selenium|API Testing|Automation Testing,Java for Test Automation|Automation Testing with Selenium|Postman & REST API Testing|Mastering Test Automation & Frameworks,10,Not Placed
STU0375,Rohan Saxena,CSE,6,5.0,62.6,50.0,1,Python,Git,Python Certificate,0,0,0,0,0,0,1,1,2,2,0,40,41,41,40,71,68,47,62,0,0,0,QA Engineer,5.0,Needs Training,Java|Selenium|API Testing|Automation Testing,Java for Test Automation|Automation Testing with Selenium|Postman & REST API Testing|Mastering Test Automation & Frameworks,10,Not Placed
STU0376,Sanjay Bhat,AI&DS,8,7.32,78.0,73.9,0,Python|Java,React,Python Certificate,1,1,1,2,1,1,1,3,2,7,0,61,72,63,54,82,78,73,80,1,1,2,QA Engineer,60.0,Near Ready,Java|API Testing|Automation Testing,Java for Test Automation|Postman & REST API Testing|Mastering Test Automation & Frameworks,8,Placed
STU0377,Utkarsh Mehta,ECE,7,9.39,80.9,77.2,0,Python|Java|C++,React|Spring Boot,Python Certificate|SQL Certificate|Cloud Certificate|DSA Certificate|Web Development Certificate,1,2,2,1,1,2,8,3,3,10,2,78,75,82,75,89,87,90,87,1,2,2,Full Stack Developer,83.0,Ready,React|NodeJS|MongoDB,Meta Front-End Development|Node.js Backend Development|MongoDB Developer Path,8,Placed
STU0378,Karthik Dutta,CSE,7,9.95,94.5,91.8,0,Python|Java|C++,React|Spring Boot|Pandas,Python Certificate|SQL Certificate,3,3,3,2,1,2,2,5,4,13,2,88,91,91,88,93,95,99,95,3,0,2,Full Stack Developer,97.3,Ready,Advanced interview practice,Advanced Placement Interview Mastery,4,Placed
STU0379,Rahul Kulkarni,ECE,6,6.71,71.5,70.5,0,Java,Git,,0,1,1,0,1,0,0,2,3,6,0,50,57,53,40,77,70,62,70,1,0,1,QA Engineer,13.6,Needs Training,Java|Selenium|API Testing,Java for Test Automation|Automation Testing with Selenium|Postman & REST API Testing,8,Not Placed
STU0380,Deepak Dutta,CSE,7,7.77,89.6,66.3,0,Python|Java,React|Pandas,Python Certificate,3,1,1,2,1,1,1,3,3,8,0,71,69,73,66,86,83,82,84,1,0,1,Full Stack Developer,60.0,Near Ready,Java|DSA|NodeJS|MongoDB,Java Programming & Spring Boot|Data Structures & Algorithms|Node.js Backend Development|MongoDB Developer Path,10,Placed
STU0381,Sameer Das,CSE,6,6.59,78.7,80.0,0,Python|Java,React|Spring Boot|Pandas,Python Certificate,2,2,1,2,0,1,1,1,2,5,0,59,60,56,52,81,77,71,81,0,1,1,Full Stack Developer,60.0,Near Ready,DSA|NodeJS|MongoDB,Data Structures & Algorithms|Node.js Backend Development|MongoDB Developer Path,8,Placed
STU0382,Siddharth Chowdhury,IT,6,7.87,81.0,80.8,0,Python|Java,React|AWS,Python Certificate,1,1,2,1,2,1,1,0,2,5,2,63,67,61,57,83,84,75,80,3,0,1,QA Engineer,60.0,Near Ready,Java|API Testing|Automation Testing,Java for Test Automation|Postman & REST API Testing|Mastering Test Automation & Frameworks,8,Placed
STU0383,Chaitanya Yadav,IT,8,10.0,99.5,96.0,0,Python|Java|C++,React|Spring Boot|Pandas|AWS,Python Certificate|SQL Certificate|Cloud Certificate|DSA Certificate|Web Development Certificate,3,2,2,3,2,3,5,8,5,16,0,96,98,97,98,97,99,100,96,4,1,2,DevOps Engineer,96.2,Ready,Advanced interview practice,Advanced Placement Interview Mastery,4,Placed
STU0384,Riya Chowdhury,EEE,6,6.73,67.9,64.7,1,Python,Git,,1,0,1,0,0,0,0,1,2,4,0,47,51,47,40,76,71,59,66,0,0,0,QA Engineer,5.5,Needs Training,Java|Selenium|API Testing|Automation Testing,Java for Test Automation|Automation Testing with Selenium|Postman & REST API Testing|Mastering Test Automation & Frameworks,10,Not Placed
STU0385,Karan Jain,IT,7,7.45,86.3,77.3,0,Python|Java,React|Spring Boot|Pandas,Python Certificate|SQL Certificate,2,3,1,1,1,1,2,1,2,7,0,68,71,71,62,85,84,80,79,0,0,0,QA Engineer,65.6,Near Ready,API Testing|Automation Testing,Postman & REST API Testing|Mastering Test Automation & Frameworks,6,Placed
STU0386,Isha Shetty,ECE,6,7.85,75.1,86.6,0,Python|Java,React,Python Certificate,1,1,2,1,1,1,1,3,3,9,0,70,72,65,66,86,86,82,84,1,0,0,QA Engineer,60.0,Near Ready,Java|API Testing,Java for Test Automation|Postman & REST API Testing,6,Placed
STU0387,Vedant Iyer,CSE,7,7.77,84.9,90.7,0,Python|Java|C++,React|Spring Boot|Pandas,Python Certificate|SQL Certificate|Cloud Certificate,3,2,3,2,1,2,3,8,5,14,0,78,78,75,75,89,90,89,87,1,0,1,Full Stack Developer,80.0,Ready,Advanced interview practice,Advanced Placement Interview Mastery,4,Placed
STU0388,Rishabh Jain,CSE,5,7.4,74.9,67.5,0,Python|Java,React|AWS,Python Certificate,1,1,2,1,2,1,1,2,2,7,0,66,68,65,60,84,82,78,81,0,1,1,QA Engineer,60.0,Near Ready,Java|API Testing|Automation Testing,Java for Test Automation|Postman & REST API Testing|Mastering Test Automation & Frameworks,8,Placed
STU0389,Sanjay Mishra,ECE,8,8.31,82.4,81.3,0,Java,React|Spring Boot,Python Certificate,0,3,1,1,0,1,1,6,4,12,0,68,69,70,63,85,83,80,85,1,0,1,QA Engineer,65.6,Near Ready,API Testing,Postman & REST API Testing,4,Placed
STU0390,Vedant Nair,ECE,7,6.88,81.0,70.2,1,Python,Git,Python Certificate|SQL Certificate|Cloud Certificate,0,0,1,0,0,0,3,1,2,6,2,60,62,60,53,81,77,72,73,1,0,1,QA Engineer,25.8,Needs Training,Java|API Testing|Automation Testing,Java for Test Automation|Postman & REST API Testing|Mastering Test Automation & Frameworks,8,Not Placed
STU0391,Kavya Chowdhury,Mechanical,6,8.09,77.2,77.9,0,Python|Java,React,Python Certificate,1,1,1,1,0,0,1,2,2,7,0,68,70,67,63,85,82,80,76,0,1,1,QA Engineer,60.0,Near Ready,Java|API Testing|Automation Testing,Java for Test Automation|Postman & REST API Testing|Mastering Test Automation & Frameworks,8,Placed
STU0392,Ananya Thakur,AI&DS,5,7.06,63.3,67.5,0,Python|Java,React|Pandas,Python Certificate,2,1,1,1,1,1,1,0,1,4,2,61,61,60,53,82,75,73,77,1,1,1,QA Engineer,60.0,Near Ready,Java|API Testing|Automation Testing,Java for Test Automation|Postman & REST API Testing|Mastering Test Automation & Frameworks,8,Placed
STU0393,Khushi Nair,AI&DS,6,8.28,80.9,91.1,0,Python|Java,React|Pandas|AWS,Python Certificate|SQL Certificate|Cloud Certificate|DSA Certificate,3,1,2,2,2,1,4,2,3,8,2,72,71,70,68,86,82,84,81,2,0,1,Data Analyst,86.9,Ready,Statistics,Statistics for Data Analysis,4,Placed
STU0394,Kavya Mehta,ECE,7,6.56,79.6,77.9,0,Python,React,Python Certificate,1,0,0,1,0,1,1,0,2,3,0,60,60,61,53,81,78,72,76,1,1,1,QA Engineer,23.2,Needs Training,Java|API Testing|Automation Testing,Java for Test Automation|Postman & REST API Testing|Mastering Test Automation & Frameworks,8,Not Placed
STU0395,Manish Dutta,AI&DS,6,7.92,83.7,74.0,0,Python|Java,React|Pandas,Python Certificate|SQL Certificate,2,1,1,2,0,1,2,1,2,6,1,69,71,70,64,85,81,81,83,2,0,1,QA Engineer,60.0,Near Ready,Java|API Testing|Automation Testing,Java for Test Automation|Postman & REST API Testing|Mastering Test Automation & Frameworks,8,Placed
STU0396,Shreya Gupta,EEE,8,5.98,79.9,66.7,0,Python,React|Pandas,Python Certificate|SQL Certificate,2,0,1,1,0,0,2,3,3,8,0,64,66,63,58,83,79,76,79,2,0,1,QA Engineer,27.6,Needs Training,Java|API Testing,Java for Test Automation|Postman & REST API Testing,6,Not Placed
STU0397,Arjun Singh,ECE,7,8.53,85.6,82.8,0,Python|Java,React|Spring Boot|Pandas,,2,2,1,1,0,1,0,6,4,13,2,78,78,79,75,89,88,90,85,3,0,1,QA Engineer,84.4,Ready,Advanced interview practice,Advanced Placement Interview Mastery,4,Placed
STU0398,Harsh Rao,AI&DS,6,6.63,71.2,77.1,1,Python|Java,Spring Boot|Pandas,Python Certificate|SQL Certificate|Cloud Certificate|DSA Certificate,2,2,2,0,1,1,4,1,2,5,1,64,65,62,58,83,84,76,79,0,0,0,QA Engineer,60.0,Near Ready,API Testing|Automation Testing,Postman & REST API Testing|Mastering Test Automation & Frameworks,6,Placed
STU0399,Abhinav Singh,ECE,7,6.33,66.4,60.5,0,Python,Git,,0,0,1,0,1,0,0,0,1,2,0,43,48,41,40,74,67,56,70,0,0,0,QA Engineer,7.1,Needs Training,Java|Selenium|API Testing|Automation Testing,Java for Test Automation|Automation Testing with Selenium|Postman & REST API Testing|Mastering Test Automation & Frameworks,10,Not Placed
STU0400,Aiswarya Reddy,ECE,7,9.15,83.9,93.9,0,Python|Java|C++,React|Spring Boot,Python Certificate|SQL Certificate,1,2,2,1,1,2,2,3,3,10,0,80,80,79,78,90,86,91,87,4,2,2,QA Engineer,85.5,Ready,Advanced interview practice,Advanced Placement Interview Mastery,4,Placed
STU0401,Ananya Das,CSE,6,6.83,81.7,71.6,0,Python,React,Python Certificate,1,0,1,1,1,1,1,2,2,7,0,54,58,55,45,79,78,66,77,0,0,1,QA Engineer,18.1,Needs Training,Java|Selenium|API Testing|Automation Testing,Java for Test Automation|Automation Testing with Selenium|Postman & REST API Testing|Mastering Test Automation & Frameworks,10,Not Placed
STU0402,Pranav Mehta,EEE,6,7.61,75.6,74.9,1,Python,Git,Python Certificate|SQL Certificate|Cloud Certificate,0,0,2,0,1,0,3,3,3,8,1,57,58,56,49,80,76,69,72,2,1,2,QA Engineer,60.0,Near Ready,Java|Selenium|API Testing,Java for Test Automation|Automation Testing with Selenium|Postman & REST API Testing,8,Placed
STU0403,Shreya Chowdhury,AI&DS,5,6.43,70.3,71.6,1,Python|Java,Git,,1,1,0,0,1,0,0,2,2,5,0,58,61,59,50,80,74,70,76,0,0,0,QA Engineer,17.2,Needs Training,Java|Selenium|API Testing|Automation Testing,Java for Test Automation|Automation Testing with Selenium|Postman & REST API Testing|Mastering Test Automation & Frameworks,10,Not Placed
STU0404,Pranav Verma,ECE,7,9.75,85.9,79.0,0,Python|Java|C++,React|Spring Boot|Pandas|AWS,Python Certificate|SQL Certificate|Cloud Certificate,2,2,2,2,2,2,3,5,3,12,0,81,86,85,79,90,91,93,93,1,3,2,DevOps Engineer,83.9,Ready,Docker|Kubernetes,Docker & Kubernetes Bootcamp|Kubernetes for DevOps,6,Placed
STU0405,Gaurav Shetty,AI&DS,7,5.83,60.4,54.6,1,Python,Git,,1,0,0,0,0,1,0,0,1,3,0,40,44,42,40,73,67,52,65,0,0,1,QA Engineer,5.0,Needs Training,Java|Selenium|API Testing|Automation Testing,Java for Test Automation|Automation Testing with Selenium|Postman & REST API Testing|Mastering Test Automation & Frameworks,10,Not Placed
STU0406,Pranav Rao,EEE,7,10.0,100.0,100.0,0,Python|Java|C++,React|Spring Boot|Pandas,Python Certificate|SQL Certificate|Cloud Certificate|DSA Certificate,3,2,3,2,1,3,4,4,4,13,2,100,100,100,100,99,96,100,100,4,3,2,Data Analyst,98.0,Ready,Advanced interview practice,Advanced Placement Interview Mastery,4,Placed
STU0407,Rishabh Deshmukh,AI&DS,8,9.12,92.0,84.2,0,Python|Java|C++,React|Spring Boot|Pandas|AWS,Python Certificate|SQL Certificate|Cloud Certificate|DSA Certificate,2,2,2,2,2,2,4,6,4,13,1,77,83,77,74,89,86,89,86,0,0,1,Full Stack Developer,87.1,Ready,Advanced interview practice,Advanced Placement Interview Mastery,4,Placed
STU0408,Abhinav Sharma,CSE,8,7.17,80.7,80.0,0,Python|Java|C++,React|Pandas,Python Certificate,2,1,2,2,1,2,1,1,2,6,0,67,69,64,62,84,82,79,84,4,0,2,Data Analyst,60.0,Near Ready,Statistics|Power BI,Statistics for Data Analysis|Microsoft Power BI Data Analyst,6,Placed
STU0409,Karthik Deshmukh,EEE,7,7.03,73.9,72.6,0,Python|Java,React,Python Certificate|SQL Certificate,1,1,1,1,0,1,2,2,3,7,1,64,66,63,58,83,82,76,82,0,1,1,Data Analyst,60.0,Near Ready,Python|SQL|Statistics,Python for Data Analysis|SQL & Database Fundamentals|Statistics for Data Analysis,8,Placed
STU0410,Nishant Mishra,CSE,8,7.48,89.7,71.4,0,Python|Java,React|Spring Boot|Pandas,Python Certificate|SQL Certificate|Cloud Certificate|DSA Certificate,2,3,2,2,1,1,4,0,2,5,1,68,67,66,63,85,80,80,81,0,2,1,QA Engineer,60.0,Near Ready,API Testing|Automation Testing,Postman & REST API Testing|Mastering Test Automation & Frameworks,6,Placed
STU0411,Aarav Shah,AI&DS,6,7.76,82.4,79.0,0,Python|Java|C++,React|Spring Boot|Pandas,Python Certificate|SQL Certificate|Cloud Certificate,2,2,2,1,1,2,3,5,4,11,1,71,71,73,66,86,86,83,84,2,2,2,Full Stack Developer,68.3,Near Ready,React,Meta Front-End Development,4,Placed
STU0412,Kunal Jain,Mechanical,5,7.62,87.0,82.7,0,Python|Java,React|Spring Boot,Python Certificate|SQL Certificate,1,2,1,2,1,1,2,3,3,8,1,72,75,69,68,87,86,84,83,3,0,2,QA Engineer,70.9,Near Ready,API Testing,Postman & REST API Testing,4,Placed
STU0413,Nishant Chawla,Mechanical,6,8.67,79.4,76.1,0,Python|Java,React,Python Certificate|SQL Certificate|Cloud Certificate,1,1,1,1,1,0,3,2,3,8,2,71,74,69,67,86,85,83,81,1,2,2,QA Engineer,80.0,Ready,Java|API Testing,Java for Test Automation|Postman & REST API Testing,6,Placed
STU0414,Pranav Bhat,IT,5,7.46,80.5,74.4,0,Python|Java,React|Pandas,Python Certificate,2,1,1,1,1,1,1,5,4,10,2,66,62,65,60,84,84,78,81,4,0,1,Full Stack Developer,60.0,Near Ready,React|Java|DSA|MongoDB,Meta Front-End Development|Java Programming & Spring Boot|Data Structures & Algorithms|MongoDB Developer Path,10,Placed
STU0415,Ishaan Yadav,IT,7,7.48,78.0,67.6,0,Python|Java,React|Pandas|AWS,Python Certificate,2,1,1,2,2,0,1,1,2,6,1,62,65,59,56,82,82,74,74,0,0,1,DevOps Engineer,60.0,Near Ready,Docker|Kubernetes,Docker & Kubernetes Bootcamp|Kubernetes for DevOps,6,Placed
STU0416,Shreya Pillai,AI&DS,8,7.06,67.3,80.4,2,Python|Java|C++,React|Spring Boot,Python Certificate,1,2,2,1,1,2,1,1,1,7,1,63,67,63,56,83,79,75,83,1,1,2,QA Engineer,60.0,Near Ready,API Testing|Automation Testing,Postman & REST API Testing|Mastering Test Automation & Frameworks,6,Placed
STU0417,Utkarsh Dutta,CSE,5,6.39,86.5,71.5,1,Python|Java,React|Spring Boot,,1,2,1,1,1,1,0,4,3,9,1,62,64,58,56,82,74,74,80,3,0,0,QA Engineer,60.0,Near Ready,API Testing,Postman & REST API Testing,4,Placed
STU0418,Harsh Mishra,AI&DS,5,8.77,93.5,93.9,0,Python|Java|C++,React|Spring Boot|Pandas|AWS,Python Certificate|SQL Certificate,2,3,2,2,2,2,2,7,4,14,1,78,81,78,76,89,89,90,91,0,1,1,Full Stack Developer,94.2,Ready,Advanced interview practice,Advanced Placement Interview Mastery,4,Placed
STU0419,Harsh Iyer,IT,7,7.14,80.8,89.5,0,Python|Java,React|Pandas|AWS,Python Certificate|SQL Certificate,2,1,2,2,2,1,2,1,2,7,2,72,74,70,68,86,85,83,82,0,1,1,QA Engineer,67.4,Near Ready,Java|API Testing|Automation Testing,Java for Test Automation|Postman & REST API Testing|Mastering Test Automation & Frameworks,8,Placed
STU0420,Priya Mishra,ECE,8,5.0,50.0,50.0,1,Java,Git,,0,1,0,0,0,0,0,2,2,4,0,40,40,42,40,69,63,42,57,0,0,0,QA Engineer,5.0,Needs Training,Java|Selenium|API Testing|Automation Testing,Java for Test Automation|Automation Testing with Selenium|Postman & REST API Testing|Mastering Test Automation & Frameworks,10,Not Placed
STU0421,Aditi Rao,ECE,6,7.47,85.0,74.9,0,Python|Java,React|Spring Boot|Pandas,Python Certificate|SQL Certificate,2,2,1,1,1,0,2,3,3,9,0,73,71,69,68,87,87,84,88,0,1,0,QA Engineer,80.0,Ready,API Testing,Postman & REST API Testing,4,Placed
STU0422,Meera Saxena,ECE,7,8.69,80.0,64.2,0,Python|Java,React,Python Certificate|SQL Certificate,1,1,1,1,0,1,2,3,3,9,2,67,68,67,62,84,78,79,81,1,3,2,QA Engineer,63.4,Near Ready,Java|API Testing,Java for Test Automation|Postman & REST API Testing,6,Placed
STU0423,Zoya Pillai,CSE,5,7.94,79.6,66.0,0,Python|Java,React|Spring Boot|Pandas,Python Certificate|SQL Certificate|Cloud Certificate|DSA Certificate,2,2,2,1,1,0,4,5,4,10,0,64,66,63,58,83,82,76,81,2,0,1,Data Analyst,60.0,Near Ready,Statistics,Statistics for Data Analysis,4,Placed
STU0424,Pooja Yadav,AI&DS,5,7.16,75.8,63.3,0,Python|Java,React,Python Certificate|SQL Certificate,1,1,1,1,1,1,2,2,2,7,0,60,60,62,53,81,80,72,77,1,0,1,QA Engineer,60.0,Near Ready,Java|API Testing|Automation Testing,Java for Test Automation|Postman & REST API Testing|Mastering Test Automation & Frameworks,8,Placed
STU0425,Chaitanya Shetty,CSE,8,9.26,89.5,93.4,0,Python|Java|C++,React|Spring Boot|Pandas,Python Certificate,3,2,3,2,1,2,1,5,3,12,2,78,83,77,75,89,86,90,88,1,1,1,Data Analyst,91.9,Ready,Power BI,Microsoft Power BI Data Analyst,4,Placed
STU0426,Rohan Kapoor,AI&DS,8,8.02,92.8,84.2,0,Python|Java|C++,React|Spring Boot|Pandas,,2,2,2,2,1,2,0,3,2,9,1,76,79,75,73,88,84,88,89,3,1,1,Full Stack Developer,80.0,Ready,NodeJS|MongoDB,Node.js Backend Development|MongoDB Developer Path,6,Placed
STU0427,Arjun Kulkarni,AI&DS,5,7.0,74.7,70.4,0,Python|Java,React,Python Certificate,1,1,2,2,0,1,1,5,3,10,1,55,58,57,47,79,73,67,73,0,0,1,Full Stack Developer,23.0,Needs Training,Java|DSA,Java Programming & Spring Boot|Data Structures & Algorithms,6,Not Placed
STU0428,Shreya Sharma,EEE,8,8.01,76.0,65.3,0,Python|Java,React,Python Certificate,1,1,1,1,0,0,1,2,2,7,1,70,70,66,65,85,83,81,76,2,1,2,QA Engineer,60.0,Near Ready,Java|API Testing|Automation Testing,Java for Test Automation|Postman & REST API Testing|Mastering Test Automation & Frameworks,8,Placed
STU0429,Pooja Deshmukh,AI&DS,7,6.66,77.0,59.1,0,Python,React,,0,0,2,1,1,1,0,1,2,4,1,53,55,57,44,78,75,65,72,0,1,1,QA Engineer,19.7,Needs Training,Java|Selenium|API Testing|Automation Testing,Java for Test Automation|Automation Testing with Selenium|Postman & REST API Testing|Mastering Test Automation & Frameworks,10,Not Placed
STU0430,Sneha Saxena,CSE,8,6.76,75.2,67.9,0,Python,Git,,0,0,0,0,0,0,0,2,2,6,0,48,52,42,40,76,73,60,70,0,0,1,QA Engineer,11.0,Needs Training,Java|Selenium|API Testing|Automation Testing,Java for Test Automation|Automation Testing with Selenium|Postman & REST API Testing|Mastering Test Automation & Frameworks,10,Not Placed
STU0431,Aditi Gupta,CSE,7,7.24,88.7,71.1,0,Python|Java,Git,Python Certificate,1,1,1,0,1,1,1,3,3,8,0,57,59,55,49,80,76,69,74,0,0,0,QA Engineer,26.2,Needs Training,Java|Selenium|API Testing,Java for Test Automation|Automation Testing with Selenium|Postman & REST API Testing,8,Not Placed
STU0432,Vikas Das,ECE,7,8.51,79.3,81.9,0,Python|Java,React|Pandas,Python Certificate|SQL Certificate|Cloud Certificate|DSA Certificate,2,1,2,1,1,0,4,2,2,8,0,75,77,76,72,88,87,87,88,3,0,0,Data Analyst,66.3,Near Ready,Advanced interview practice,Advanced Placement Interview Mastery,4,Placed
STU0433,Arjun Chawla,IT,7,7.63,86.8,87.0,0,Python|Java|C++,React|Spring Boot|Pandas,Python Certificate|SQL Certificate|Cloud Certificate,2,2,2,2,1,2,3,3,3,10,0,76,77,75,73,88,83,88,87,2,0,1,Data Analyst,81.7,Ready,Advanced interview practice,Advanced Placement Interview Mastery,4,Placed
STU0434,Rohan Patel,CSE,7,7.53,71.7,89.4,0,Python|Java|C++,React|Spring Boot|Pandas|AWS,,2,2,1,2,2,2,0,3,3,8,3,71,75,70,66,86,86,83,84,3,2,2,Full Stack Developer,80.0,Ready,NodeJS|MongoDB,Node.js Backend Development|MongoDB Developer Path,6,Placed
STU0435,Akash Iyer,CSE,5,8.16,86.6,80.2,0,Python|Java|C++,React|Spring Boot|Pandas|AWS,Python Certificate,3,2,1,3,2,2,1,6,4,12,2,73,78,71,69,87,85,85,84,5,3,3,Full Stack Developer,87.0,Ready,MongoDB,MongoDB Developer Path,4,Placed
STU0436,Nishant Mehta,IT,5,8.06,79.4,80.1,0,Python|Java|C++,React|Pandas,Python Certificate|SQL Certificate|Cloud Certificate,2,1,2,2,1,2,3,4,3,10,2,71,73,70,66,86,81,83,89,3,0,1,Data Analyst,66.7,Near Ready,Statistics,Statistics for Data Analysis,4,Placed
STU0437,Gaurav Chowdhury,CSE,6,6.29,82.5,70.4,1,Python|Java,Git,Python Certificate,1,1,1,0,1,1,1,3,3,7,0,57,58,52,49,80,75,69,75,1,0,0,QA Engineer,28.0,Needs Training,Java|Selenium|API Testing,Java for Test Automation|Automation Testing with Selenium|Postman & REST API Testing,8,Not Placed
STU0438,Manish Mehta,ECE,7,9.14,77.6,93.2,0,Python|Java,React,Python Certificate|SQL Certificate,1,1,3,1,1,1,2,3,2,10,0,70,70,69,65,85,84,81,82,2,0,1,Data Analyst,80.0,Ready,Python|Statistics,Python for Data Analysis|Statistics for Data Analysis,6,Placed
STU0439,Karthik Dutta,IT,6,9.06,76.0,69.6,0,Python|Java|C++,React|Spring Boot|Pandas|AWS,Python Certificate|SQL Certificate|Cloud Certificate,2,2,2,3,2,2,3,3,3,9,0,74,78,73,71,87,87,86,91,1,1,2,QA Engineer,82.3,Ready,Advanced interview practice,Advanced Placement Interview Mastery,4,Placed
STU0440,Nishant Iyer,CSE,7,8.56,81.7,85.9,0,Python|Java|C++,React|Pandas|AWS,Python Certificate,2,1,2,1,2,2,1,3,3,9,1,74,76,75,70,87,87,85,89,1,0,1,Data Analyst,70.4,Near Ready,Power BI,Microsoft Power BI Data Analyst,4,Placed
STU0441,Karthik Shetty,CSE,8,8.72,77.6,85.0,1,Python|Java|C++,React|Spring Boot|Pandas,,2,2,2,2,1,2,0,5,4,12,1,79,77,80,76,89,87,90,87,3,0,1,Full Stack Developer,80.0,Ready,Advanced interview practice,Advanced Placement Interview Mastery,4,Placed
STU0442,Pranav Iyer,Mechanical,5,8.1,87.4,84.8,0,Python|Java|C++,React|Pandas,Python Certificate|SQL Certificate|Cloud Certificate,2,1,1,2,1,2,3,3,3,8,2,73,78,74,69,87,84,85,84,2,1,2,Data Analyst,80.0,Ready,SQL,SQL & Database Fundamentals,4,Placed
STU0443,Anish Mishra,AI&DS,7,7.38,70.5,74.2,0,Python|Java|C++,React|Pandas,Python Certificate|SQL Certificate,2,1,2,1,1,2,2,2,3,7,0,69,72,72,64,85,81,81,81,2,0,1,Full Stack Developer,60.0,Near Ready,React|Java|NodeJS|MongoDB,Meta Front-End Development|Java Programming & Spring Boot|Node.js Backend Development|MongoDB Developer Path,10,Placed
STU0444,Aditi Yadav,AI&DS,7,8.61,86.7,84.3,0,Python|Java|C++,React|Spring Boot|Pandas|AWS,Python Certificate|SQL Certificate,2,2,1,1,2,2,2,4,3,11,0,78,77,77,75,89,86,89,84,2,2,2,DevOps Engineer,80.0,Ready,Docker|Kubernetes,Docker & Kubernetes Bootcamp|Kubernetes for DevOps,6,Placed
STU0445,Shreya Verma,ECE,8,7.6,67.4,79.0,1,Python,React|Pandas,Python Certificate|SQL Certificate|Cloud Certificate,2,0,1,1,0,0,3,3,3,7,2,64,64,58,58,83,82,76,77,1,1,1,QA Engineer,60.0,Near Ready,Java|API Testing,Java for Test Automation|Postman & REST API Testing,6,Placed
STU0446,Neha Nair,EEE,6,6.0,69.3,85.7,1,Python,Git,,0,0,1,0,1,0,0,3,2,7,1,54,55,52,45,79,72,66,70,0,0,0,DevOps Engineer,8.8,Needs Training,AWS|Python|Docker|Kubernetes,AWS Cloud Practitioner|Python Automation|Docker & Kubernetes Bootcamp|Kubernetes for DevOps,10,Not Placed
STU0447,Vikas Gupta,Mechanical,7,7.5,84.9,78.4,0,Java,Git,Python Certificate,0,1,1,0,1,1,1,1,2,5,1,63,66,62,56,82,76,75,83,1,2,1,QA Engineer,60.0,Near Ready,Java|API Testing|Automation Testing,Java for Test Automation|Postman & REST API Testing|Mastering Test Automation & Frameworks,8,Placed
STU0448,Rishabh Pandey,ECE,8,6.68,73.8,63.2,0,Python,React,,1,0,1,1,0,0,0,3,2,7,0,56,59,51,47,80,75,68,72,1,0,1,QA Engineer,10.5,Needs Training,Java|Selenium|API Testing|Automation Testing,Java for Test Automation|Automation Testing with Selenium|Postman & REST API Testing|Mastering Test Automation & Frameworks,10,Not Placed
STU0449,Aditya Jain,AI&DS,8,5.87,68.3,66.4,0,Python|Java,React,Python Certificate|SQL Certificate,1,1,1,1,0,1,2,2,1,6,0,57,60,54,48,80,73,69,76,0,0,1,QA Engineer,27.2,Needs Training,Java|Selenium|API Testing|Automation Testing,Java for Test Automation|Automation Testing with Selenium|Postman & REST API Testing|Mastering Test Automation & Frameworks,10,Not Placed
STU0450,Aditi Nair,CSE,7,6.93,76.7,71.0,0,Python|Java,React|Pandas,,2,1,2,1,0,1,0,1,2,6,2,63,62,63,56,83,80,75,83,1,0,1,Data Analyst,60.0,Near Ready,Statistics|Power BI,Statistics for Data Analysis|Microsoft Power BI Data Analyst,6,Placed
STU0451,Divya Shetty,ECE,7,6.5,71.8,57.1,0,Python,Git,Python Certificate,0,0,1,0,0,0,1,5,3,9,0,55,60,57,47,79,77,67,74,0,0,1,QA Engineer,16.2,Needs Training,Java|Selenium|API Testing,Java for Test Automation|Automation Testing with Selenium|Postman & REST API Testing,8,Not Placed
STU0452,Aditi Kulkarni,IT,7,8.14,77.9,70.2,1,Python|Java|C++,React,Python Certificate|SQL Certificate|Cloud Certificate|DSA Certificate|Web Development Certificate,1,1,1,1,1,2,5,2,3,7,0,61,64,59,54,82,81,73,78,3,0,0,QA Engineer,60.0,Near Ready,Java|API Testing,Java for Test Automation|Postman & REST API Testing,6,Placed
STU0453,Bhavya Nair,AI&DS,8,5.88,56.0,62.4,0,Python,Git,,1,0,1,0,0,1,0,0,1,2,0,42,44,44,40,74,69,55,67,0,0,0,QA Engineer,5.6,Needs Training,Java|Selenium|API Testing|Automation Testing,Java for Test Automation|Automation Testing with Selenium|Postman & REST API Testing|Mastering Test Automation & Frameworks,10,Not Placed
STU0454,Arjun Mishra,EEE,7,7.05,82.7,69.3,0,Python|Java,React,Python Certificate,1,1,1,1,1,0,1,4,3,9,3,67,68,68,62,84,81,79,80,2,0,1,QA Engineer,60.0,Near Ready,Java|API Testing,Java for Test Automation|Postman & REST API Testing,6,Placed
STU0455,Yash Kumar,CSE,5,7.74,64.5,81.3,0,Python|Java,React|Pandas,Python Certificate,2,1,2,1,1,1,1,0,2,5,1,65,69,63,59,83,80,77,77,0,0,0,QA Engineer,60.0,Near Ready,Java|API Testing|Automation Testing,Java for Test Automation|Postman & REST API Testing|Mastering Test Automation & Frameworks,8,Placed
STU0456,Sneha Reddy,AI&DS,8,5.91,68.3,70.6,2,Python,React,Python Certificate,1,0,1,1,0,1,1,1,2,4,1,55,54,50,46,79,77,67,71,0,0,0,QA Engineer,13.7,Needs Training,Java|Selenium|API Testing|Automation Testing,Java for Test Automation|Automation Testing with Selenium|Postman & REST API Testing|Mastering Test Automation & Frameworks,10,Not Placed
STU0457,Rohan Thakur,CSE,7,8.7,80.8,76.5,0,Python|Java|C++,React|Spring Boot|Pandas,Python Certificate|SQL Certificate,2,2,2,1,1,2,2,4,3,11,1,73,75,72,68,87,88,84,82,3,0,1,Full Stack Developer,66.5,Near Ready,React,Meta Front-End Development,4,Placed
STU0458,Karan Jain,AI&DS,7,8.2,88.7,82.6,0,Python|Java|C++,React|Pandas|AWS,Python Certificate|SQL Certificate|Cloud Certificate,2,1,1,2,2,2,3,5,4,11,1,76,74,73,73,88,83,88,85,1,1,1,Full Stack Developer,80.0,Ready,Java|MongoDB,Java Programming & Spring Boot|MongoDB Developer Path,6,Placed
STU0459,Nikhil Patel,CSE,6,5.85,65.3,70.1,0,Python,Git,,1,0,1,0,0,0,0,0,1,3,0,45,51,44,40,75,71,58,74,1,0,0,QA Engineer,5.8,Needs Training,Java|Selenium|API Testing|Automation Testing,Java for Test Automation|Automation Testing with Selenium|Postman & REST API Testing|Mastering Test Automation & Frameworks,10,Not Placed
STU0460,Utkarsh Kulkarni,CSE,7,7.4,64.9,72.5,1,Python|Java,React|Spring Boot,Python Certificate|SQL Certificate,1,2,1,1,1,1,2,2,3,7,1,56,59,57,47,79,78,68,79,1,0,0,QA Engineer,60.0,Near Ready,Selenium|API Testing,Automation Testing with Selenium|Postman & REST API Testing,6,Placed
STU0461,Ishaan Thakur,CSE,6,6.09,66.9,68.1,0,Python|Java,React|Pandas,Python Certificate,2,1,1,1,0,1,1,3,2,7,1,55,58,52,47,79,72,67,68,0,0,0,Data Analyst,13.4,Needs Training,SQL|Statistics|Power BI,SQL & Database Fundamentals|Statistics for Data Analysis|Microsoft Power BI Data Analyst,8,Not Placed
STU0462,Anushka Jain,IT,7,5.86,71.5,65.1,1,Python|Java,Git,Python Certificate|SQL Certificate|Cloud Certificate,1,1,1,0,1,1,3,1,1,5,2,53,57,52,44,79,72,66,68,0,0,0,QA Engineer,19.1,Needs Training,Java|Selenium|API Testing|Automation Testing,Java for Test Automation|Automation Testing with Selenium|Postman & REST API Testing|Mastering Test Automation & Frameworks,10,Not Placed
STU0463,Chaitanya Joshi,IT,5,8.04,84.2,82.9,0,Python|Java,React|Spring Boot|Pandas,Python Certificate|SQL Certificate|Cloud Certificate,2,2,1,3,1,1,3,2,2,7,1,75,73,76,71,87,86,86,85,1,0,2,QA Engineer,80.0,Ready,Automation Testing,Mastering Test Automation & Frameworks,4,Placed
STU0464,Ankit Deshmukh,IT,7,7.83,73.6,70.2,0,Python|Java,React|Pandas,,2,1,2,1,0,1,0,1,2,6,1,62,63,59,56,82,80,74,79,0,1,0,QA Engineer,60.0,Near Ready,Java|API Testing|Automation Testing,Java for Test Automation|Postman & REST API Testing|Mastering Test Automation & Frameworks,8,Placed
STU0465,Aditi Kapoor,Mechanical,8,6.48,73.5,60.0,0,Python|Java,Git,Python Certificate|SQL Certificate|Cloud Certificate,1,1,1,0,1,0,3,4,3,8,0,62,61,61,55,82,76,74,80,0,1,1,QA Engineer,60.0,Near Ready,Java|API Testing,Java for Test Automation|Postman & REST API Testing,6,Placed
STU0466,Kunal Deshmukh,AI&DS,5,5.0,65.4,69.2,1,Python,Git,,1,0,0,0,0,0,0,2,2,5,0,41,42,41,40,73,68,53,67,1,0,0,Data Analyst,5.0,Needs Training,Python|SQL|Statistics|Power BI,Python for Data Analysis|SQL & Database Fundamentals|Statistics for Data Analysis|Microsoft Power BI Data Analyst,10,Not Placed
STU0467,Zoya Kapoor,CSE,8,7.91,80.5,81.7,1,Python|Java|C++,React|Pandas|AWS,Python Certificate|SQL Certificate|Cloud Certificate,3,1,2,2,2,2,3,5,4,11,3,72,73,76,68,86,84,84,86,0,1,1,DevOps Engineer,80.7,Ready,Advanced interview practice,Advanced Placement Interview Mastery,4,Placed
STU0468,Nishant Rao,ECE,7,6.54,67.6,66.2,0,Python,Git,,0,0,1,0,0,1,0,2,2,4,0,50,50,48,40,77,73,62,72,0,0,0,QA Engineer,11.2,Needs Training,Java|Selenium|API Testing|Automation Testing,Java for Test Automation|Automation Testing with Selenium|Postman & REST API Testing|Mastering Test Automation & Frameworks,10,Not Placed
STU0469,Aiswarya Reddy,CSE,8,8.16,89.3,75.2,0,Python|Java,React|Pandas,Python Certificate,2,1,1,1,1,0,1,5,3,10,0,65,68,65,59,84,82,77,81,3,1,2,DevOps Engineer,60.0,Near Ready,AWS|Docker|Kubernetes,AWS Cloud Practitioner|Docker & Kubernetes Bootcamp|Kubernetes for DevOps,8,Placed
STU0470,Ananya Deshmukh,Mechanical,7,7.55,73.1,73.1,0,Python|Java,React,Python Certificate,1,1,1,1,0,1,1,5,3,10,1,68,62,69,63,85,82,80,82,2,0,1,QA Engineer,61.8,Near Ready,Java|API Testing,Java for Test Automation|Postman & REST API Testing,6,Placed
STU0471,Abhinav Shetty,CSE,7,8.65,79.6,86.1,0,Python|Java|C++,React|Spring Boot|Pandas,Python Certificate,2,2,3,3,1,2,1,2,2,8,2,81,81,81,79,90,88,92,91,4,1,2,Full Stack Developer,85.3,Ready,NodeJS|MongoDB,Node.js Backend Development|MongoDB Developer Path,6,Placed
STU0472,Vedant Nair,Mechanical,7,6.77,71.4,53.6,0,Python,React,Python Certificate,1,0,1,1,0,0,1,0,1,4,0,49,54,51,40,77,73,61,71,0,0,0,QA Engineer,7.9,Needs Training,Java|Selenium|API Testing|Automation Testing,Java for Test Automation|Automation Testing with Selenium|Postman & REST API Testing|Mastering Test Automation & Frameworks,10,Not Placed
STU0473,Ankit Thakur,CSE,8,5.0,50.5,61.5,2,Python,React,,0,0,0,1,0,0,0,1,2,3,0,40,40,40,40,68,64,41,59,0,0,0,QA Engineer,5.0,Needs Training,Java|Selenium|API Testing|Automation Testing,Java for Test Automation|Automation Testing with Selenium|Postman & REST API Testing|Mastering Test Automation & Frameworks,10,Not Placed
STU0474,Rishabh Joshi,EEE,7,7.49,77.9,69.2,0,Python|Java,React,Python Certificate|SQL Certificate|Cloud Certificate,1,1,1,2,0,1,3,4,3,8,0,67,70,67,61,84,79,79,79,2,2,1,Full Stack Developer,60.0,Near Ready,Java|DSA|MongoDB,Java Programming & Spring Boot|Data Structures & Algorithms|MongoDB Developer Path,8,Placed
STU0475,Zoya Kulkarni,AI&DS,6,9.4,88.5,85.0,0,Python|Java|C++,React|Spring Boot|Pandas|AWS,Python Certificate|SQL Certificate|Cloud Certificate,3,3,2,2,2,3,3,2,3,10,2,86,89,88,86,92,93,98,95,1,1,1,Data Analyst,95.2,Ready,Advanced interview practice,Advanced Placement Interview Mastery,4,Placed
STU0476,Anushka Pillai,Mechanical,7,8.96,86.6,83.5,0,Python|Java|C++,React|Spring Boot,Python Certificate,1,2,2,1,1,2,1,2,2,9,0,80,83,79,77,89,88,91,90,1,0,1,QA Engineer,83.4,Ready,Automation Testing,Mastering Test Automation & Frameworks,4,Placed
STU0477,Sneha Pillai,CSE,8,7.45,87.7,84.6,0,Python|Java|C++,React|Spring Boot,Python Certificate|SQL Certificate|Cloud Certificate|DSA Certificate,1,2,3,1,1,2,4,3,3,9,1,67,69,65,62,84,81,79,81,0,0,0,QA Engineer,80.0,Ready,API Testing,Postman & REST API Testing,4,Placed
STU0478,Aditya Shah,IT,7,7.03,78.1,70.7,0,Python|Java,React|Pandas,,2,1,1,1,1,1,0,1,2,6,0,59,60,59,51,81,76,71,78,0,1,1,QA Engineer,60.0,Near Ready,Java|Selenium|API Testing|Automation Testing,Java for Test Automation|Automation Testing with Selenium|Postman & REST API Testing|Mastering Test Automation & Frameworks,10,Placed
STU0479,Shreya Das,Mechanical,7,7.06,88.8,74.8,0,Python|Java,React,,1,1,2,2,1,1,0,7,4,12,0,74,70,74,71,87,84,86,78,6,0,2,Full Stack Developer,60.0,Near Ready,Java|DSA,Java Programming & Spring Boot|Data Structures & Algorithms,6,Placed
STU0480,Yash Shah,AI&DS,7,6.2,63.1,73.8,0,Python,React,,1,0,1,1,0,0,0,1,2,4,0,53,51,53,44,78,75,65,75,0,1,0,QA Engineer,14.7,Needs Training,Java|Selenium|API Testing|Automation Testing,Java for Test Automation|Automation Testing with Selenium|Postman & REST API Testing|Mastering Test Automation & Frameworks,10,Not Placed
STU0481,Ananya Agarwal,IT,8,8.2,76.1,83.7,0,Python|Java,React|Spring Boot,Python Certificate|SQL Certificate,1,2,2,2,1,1,2,2,2,8,1,70,69,69,66,86,84,82,82,2,3,2,Data Analyst,63.6,Near Ready,Python|Statistics,Python for Data Analysis|Statistics for Data Analysis,6,Placed
STU0482,Vikas Mehta,IT,5,7.51,67.8,82.8,0,Python|Java,React|Pandas,Python Certificate|SQL Certificate|Cloud Certificate|DSA Certificate,2,1,2,3,1,1,4,1,2,7,1,71,71,69,66,86,83,83,83,3,1,2,QA Engineer,68.1,Near Ready,Java|API Testing|Automation Testing,Java for Test Automation|Postman & REST API Testing|Mastering Test Automation & Frameworks,8,Placed
STU0483,Aarav Chawla,AI&DS,7,8.59,82.4,88.8,0,Python|Java,React|Spring Boot|Pandas,Python Certificate,3,2,2,3,1,1,1,3,2,9,1,77,77,78,75,89,83,89,86,4,0,2,DevOps Engineer,80.0,Ready,AWS|Docker|Kubernetes,AWS Cloud Practitioner|Docker & Kubernetes Bootcamp|Kubernetes for DevOps,8,Placed
STU0484,Pranav Shetty,IT,5,10.0,100.0,100.0,0,Python|Java|C++,React|Spring Boot|Pandas|AWS,Python Certificate|SQL Certificate,3,3,3,3,2,3,2,3,3,12,3,98,99,99,100,97,98,100,99,2,2,2,Full Stack Developer,98.0,Ready,NodeJS|MongoDB,Node.js Backend Development|MongoDB Developer Path,6,Placed
STU0485,Sahil Kumar,IT,6,7.72,83.7,91.6,0,Python|Java|C++,React|Spring Boot|Pandas|AWS,Python Certificate|SQL Certificate,2,2,2,1,2,2,2,1,2,8,2,69,71,65,64,85,85,81,83,3,0,1,QA Engineer,80.0,Ready,API Testing|Automation Testing,Postman & REST API Testing|Mastering Test Automation & Frameworks,6,Placed
STU0486,Priya Shah,EEE,6,7.08,72.8,66.3,1,Python|Java,Spring Boot,Python Certificate,1,2,2,0,0,1,1,3,2,7,1,59,60,57,51,81,80,71,81,0,0,0,QA Engineer,60.0,Near Ready,Selenium|API Testing|Automation Testing,Automation Testing with Selenium|Postman & REST API Testing|Mastering Test Automation & Frameworks,8,Placed
STU0487,Vedant Dutta,CSE,6,6.99,77.7,84.5,0,Python|Java|C++,React|Pandas,Python Certificate,2,1,1,1,0,2,1,1,2,7,1,64,63,68,58,83,82,76,82,1,2,1,QA Engineer,60.0,Near Ready,Java|API Testing|Automation Testing,Java for Test Automation|Postman & REST API Testing|Mastering Test Automation & Frameworks,8,Placed
STU0488,Rohan Thakur,CSE,7,5.63,60.4,61.4,1,Python,React,Python Certificate,0,0,0,1,0,0,1,1,1,4,0,43,43,45,40,74,73,56,67,0,0,0,QA Engineer,5.4,Needs Training,Java|Selenium|API Testing|Automation Testing,Java for Test Automation|Automation Testing with Selenium|Postman & REST API Testing|Mastering Test Automation & Frameworks,10,Not Placed
STU0489,Bhavya Das,Mechanical,6,7.11,73.5,71.7,0,Python,Git,,1,0,0,0,0,0,0,3,3,7,0,56,56,55,48,80,75,69,77,0,0,0,QA Engineer,20.7,Needs Training,Java|Selenium|API Testing,Java for Test Automation|Automation Testing with Selenium|Postman & REST API Testing,8,Not Placed
STU0490,Dev Yadav,EEE,7,7.17,78.6,61.2,0,Python,Git,Python Certificate,0,0,2,0,0,0,1,3,2,8,1,60,64,61,52,81,77,72,76,1,1,0,QA Engineer,60.0,Near Ready,Java|API Testing|Automation Testing,Java for Test Automation|Postman & REST API Testing|Mastering Test Automation & Frameworks,8,Placed
STU0491,Sanjay Pandey,AI&DS,6,6.68,65.7,69.3,1,Python|Java,Git,,1,1,2,0,1,0,0,1,2,5,0,58,60,58,51,81,78,71,78,1,0,1,Data Analyst,21.5,Needs Training,Python|Statistics|Power BI,Python for Data Analysis|Statistics for Data Analysis|Microsoft Power BI Data Analyst,8,Not Placed
STU0492,Kavya Kulkarni,IT,6,7.76,80.7,71.5,0,Python|Java,React|Spring Boot|Pandas,Python Certificate,2,2,2,1,1,1,1,0,2,4,0,67,67,63,61,84,81,78,79,1,5,3,QA Engineer,60.0,Near Ready,API Testing|Automation Testing,Postman & REST API Testing|Mastering Test Automation & Frameworks,6,Placed
STU0493,Shreya Jain,CSE,6,7.03,76.1,72.6,0,Python|Java,React,Python Certificate,1,1,2,1,0,1,1,3,3,7,0,55,58,50,46,79,79,67,75,0,2,1,QA Engineer,60.0,Near Ready,Java|Selenium|API Testing,Java for Test Automation|Automation Testing with Selenium|Postman & REST API Testing,8,Placed
STU0494,Riya Chowdhury,CSE,5,7.6,84.9,91.5,0,Python|Java|C++,React|Spring Boot|Pandas|AWS,Python Certificate,3,3,3,2,2,2,1,0,2,6,1,78,81,81,75,89,87,90,85,1,1,1,QA Engineer,88.2,Ready,Automation Testing,Mastering Test Automation & Frameworks,4,Placed
STU0495,Priya Shetty,AI&DS,7,8.08,81.5,62.6,0,Python|Java|C++,React,Python Certificate|SQL Certificate|Cloud Certificate,1,1,2,1,0,2,3,2,2,6,1,65,67,65,59,83,81,77,79,0,0,0,QA Engineer,60.0,Near Ready,Java|API Testing|Automation Testing,Java for Test Automation|Postman & REST API Testing|Mastering Test Automation & Frameworks,8,Placed
STU0496,Deepak Deshmukh,AI&DS,7,7.32,92.0,74.8,1,Python|Java,React|Pandas,Python Certificate,2,1,2,2,1,0,1,1,2,7,0,65,68,62,58,83,79,76,79,2,0,1,QA Engineer,60.0,Near Ready,Java|API Testing|Automation Testing,Java for Test Automation|Postman & REST API Testing|Mastering Test Automation & Frameworks,8,Placed
STU0497,Kavya Mehta,IT,7,7.38,74.9,78.8,1,Python|Java,React,Python Certificate,1,1,2,2,1,1,1,3,3,8,0,61,63,56,54,82,80,73,77,3,1,2,QA Engineer,60.0,Near Ready,Java|API Testing,Java for Test Automation|Postman & REST API Testing,6,Placed
STU0498,Isha Shetty,CSE,7,8.25,81.2,75.3,1,Python|Java,React|Pandas,Python Certificate|SQL Certificate|Cloud Certificate,2,1,2,1,0,1,3,1,2,5,0,67,67,67,61,84,80,78,79,3,0,1,QA Engineer,60.0,Near Ready,Java|API Testing|Automation Testing,Java for Test Automation|Postman & REST API Testing|Mastering Test Automation & Frameworks,8,Placed
STU0499,Anish Iyer,Mechanical,6,7.64,80.9,86.8,0,Python|Java,React|Spring Boot,Python Certificate|SQL Certificate|Cloud Certificate,1,2,1,1,1,1,3,2,2,8,0,75,75,73,71,87,85,86,81,4,1,2,QA Engineer,80.0,Ready,Automation Testing,Mastering Test Automation & Frameworks,4,Placed
STU0500,Rahul Nair,Mechanical,8,6.28,72.0,69.3,0,Java,Git,Python Certificate,0,1,1,0,0,0,1,3,3,6,1,54,58,51,46,79,75,67,71,0,1,1,QA Engineer,24.9,Needs Training,Java|Selenium|API Testing,Java for Test Automation|Automation Testing with Selenium|Postman & REST API Testing,8,Not Placed
STU0501,Karthik Chowdhury,IT,7,6.7,75.0,71.1,2,Python|Java,React|Spring Boot|Pandas,Python Certificate,2,2,1,2,1,0,1,3,2,6,0,57,59,57,49,80,75,69,72,0,1,1,QA Engineer,60.0,Near Ready,Selenium|API Testing|Automation Testing,Automation Testing with Selenium|Postman & REST API Testing|Mastering Test Automation & Frameworks,8,Placed
STU0502,Sneha Kulkarni,AI&DS,7,6.8,76.5,70.6,0,Python,React,Python Certificate|SQL Certificate|Cloud Certificate,1,0,1,1,0,1,3,2,3,5,0,61,59,62,54,82,75,73,82,2,1,1,QA Engineer,23.7,Needs Training,Java|API Testing,Java for Test Automation|Postman & REST API Testing,6,Not Placed
STU0503,Yash Rao,AI&DS,5,7.02,62.1,55.6,1,Python|Java,Git,Python Certificate,1,1,1,0,0,0,1,2,2,5,0,49,52,47,40,77,70,61,74,0,0,0,Data Analyst,7.5,Needs Training,Python|SQL|Statistics|Power BI,Python for Data Analysis|SQL & Database Fundamentals|Statistics for Data Analysis|Microsoft Power BI Data Analyst,10,Not Placed
STU0504,Meera Sharma,ECE,6,6.25,72.5,60.9,0,Python,Git,,1,0,1,0,0,0,0,4,2,7,0,55,59,55,46,79,76,67,77,0,1,1,QA Engineer,15.9,Needs Training,Java|Selenium|API Testing|Automation Testing,Java for Test Automation|Automation Testing with Selenium|Postman & REST API Testing|Mastering Test Automation & Frameworks,10,Not Placed
STU0505,Sahil Chawla,IT,6,6.75,81.5,75.0,0,Python|Java,React|Spring Boot,Python Certificate,1,2,1,1,1,0,1,2,3,6,0,59,64,60,51,81,80,71,75,0,1,0,QA Engineer,60.0,Near Ready,Selenium|API Testing,Automation Testing with Selenium|Postman & REST API Testing,6,Placed
STU0506,Manish Patel,CSE,6,8.48,87.2,83.0,0,Python|Java|C++,React|Spring Boot|Pandas|AWS,Python Certificate|SQL Certificate|Cloud Certificate,2,2,2,1,2,2,3,2,2,8,1,75,78,73,72,88,86,87,89,2,0,1,QA Engineer,85.0,Ready,Automation Testing,Mastering Test Automation & Frameworks,4,Placed
STU0507,Sahil Reddy,EEE,7,7.16,84.9,76.5,0,Python|Java,React,Python Certificate|SQL Certificate,1,1,2,1,1,0,2,1,2,6,1,68,67,68,63,85,81,80,83,1,1,1,QA Engineer,60.0,Near Ready,Java|API Testing|Automation Testing,Java for Test Automation|Postman & REST API Testing|Mastering Test Automation & Frameworks,8,Placed
STU0508,Neha Pillai,ECE,7,7.5,78.4,74.2,0,Python|Java,React,Python Certificate|SQL Certificate|Cloud Certificate,1,1,1,1,0,0,3,2,2,8,1,67,68,69,62,84,78,79,83,0,0,1,QA Engineer,60.0,Near Ready,Java|API Testing|Automation Testing,Java for Test Automation|Postman & REST API Testing|Mastering Test Automation & Frameworks,8,Placed
STU0509,Karan Mehta,EEE,7,8.51,88.6,80.8,0,Python|Java|C++,React,Python Certificate|SQL Certificate,1,1,2,1,1,2,2,1,2,7,2,75,76,70,71,88,91,87,90,2,1,1,QA Engineer,80.0,Ready,Java|Automation Testing,Java for Test Automation|Mastering Test Automation & Frameworks,6,Placed
STU0510,Kavya Dutta,IT,7,7.2,78.3,80.0,0,Python|Java,React|Spring Boot,Python Certificate,1,2,2,3,0,1,1,3,3,7,0,63,67,63,57,83,80,75,79,0,2,1,Full Stack Developer,60.0,Near Ready,DSA|NodeJS|MongoDB,Data Structures & Algorithms|Node.js Backend Development|MongoDB Developer Path,8,Placed
STU0511,Utkarsh Thakur,IT,8,7.84,76.4,76.5,0,Python|Java,React|Pandas|AWS,Python Certificate|SQL Certificate|Cloud Certificate|DSA Certificate,2,1,2,2,2,1,4,4,3,9,2,69,71,66,64,85,86,81,84,3,2,2,Full Stack Developer,71.4,Near Ready,Java|DSA,Java Programming & Spring Boot|Data Structures & Algorithms,6,Placed
STU0512,Kavya Bhat,AI&DS,7,7.13,78.8,66.0,0,Python|Java,React|Spring Boot|Pandas,Python Certificate|SQL Certificate|Cloud Certificate,2,2,2,1,1,0,3,3,3,7,1,63,62,66,57,83,81,75,84,0,0,0,Data Analyst,60.0,Near Ready,Statistics,Statistics for Data Analysis,4,Placed
STU0513,Aarav Agarwal,EEE,8,7.01,75.2,81.9,1,Python,Git,Python Certificate|SQL Certificate,1,0,2,0,0,1,2,2,2,7,2,68,65,64,63,85,84,80,80,3,0,1,QA Engineer,60.0,Near Ready,Java|API Testing|Automation Testing,Java for Test Automation|Postman & REST API Testing|Mastering Test Automation & Frameworks,8,Placed
STU0514,Divya Gupta,ECE,5,7.08,70.2,68.5,0,Java,Git,Python Certificate|SQL Certificate|Cloud Certificate,0,1,1,0,0,0,3,0,2,3,1,58,62,57,50,80,79,70,78,1,0,0,QA Engineer,23.9,Needs Training,Java|Selenium|API Testing|Automation Testing,Java for Test Automation|Automation Testing with Selenium|Postman & REST API Testing|Mastering Test Automation & Frameworks,10,Not Placed
STU0515,Isha Yadav,CSE,6,5.94,59.4,53.2,3,Python,Git,,0,0,1,0,0,1,0,0,1,3,0,40,44,42,40,71,66,48,63,0,0,0,QA Engineer,5.0,Needs Training,Java|Selenium|API Testing|Automation Testing,Java for Test Automation|Automation Testing with Selenium|Postman & REST API Testing|Mastering Test Automation & Frameworks,10,Not Placed
STU0516,Pranav Mishra,CSE,5,7.37,78.4,83.4,0,Python|Java|C++,React|Spring Boot,Python Certificate|SQL Certificate,1,2,1,1,1,2,2,5,3,9,1,63,66,60,57,83,82,75,84,0,0,1,Full Stack Developer,60.0,Near Ready,React|MongoDB,Meta Front-End Development|MongoDB Developer Path,6,Placed
STU0517,Siddharth Jain,AI&DS,7,9.04,83.4,87.7,0,Python|Java|C++,React|Spring Boot|Pandas|AWS,Python Certificate|SQL Certificate|Cloud Certificate|DSA Certificate|Web Development Certificate,2,2,3,2,2,2,6,3,3,10,0,82,81,87,80,90,85,93,92,2,4,3,Data Analyst,88.2,Ready,Advanced interview practice,Advanced Placement Interview Mastery,4,Placed
STU0518,Isha Thakur,ECE,8,8.77,90.7,85.1,0,Python|Java,React,Python Certificate|SQL Certificate|Cloud Certificate|DSA Certificate,1,1,2,1,1,1,4,0,2,6,1,76,77,74,72,88,87,87,82,1,1,1,QA Engineer,65.4,Near Ready,Java|Automation Testing,Java for Test Automation|Mastering Test Automation & Frameworks,6,Placed
STU0519,Riya Pandey,Mechanical,6,7.83,88.6,76.6,0,Python|Java,React|Spring Boot,Python Certificate|SQL Certificate|Cloud Certificate|DSA Certificate|Web Development Certificate,1,2,1,1,0,1,5,8,4,15,0,76,74,73,73,88,85,88,87,1,0,1,Full Stack Developer,60.0,Near Ready,React|DSA|MongoDB,Meta Front-End Development|Data Structures & Algorithms|MongoDB Developer Path,8,Placed
STU0520,Aiswarya Mishra,CSE,8,9.59,84.4,84.8,0,Python|Java|C++,React|Spring Boot|Pandas,Python Certificate,2,2,2,3,1,2,1,4,4,11,0,80,79,79,77,89,89,91,85,2,0,1,Full Stack Developer,90.7,Ready,Advanced interview practice,Advanced Placement Interview Mastery,4,Placed
STU0521,Rahul Pillai,IT,5,7.69,71.0,79.5,0,Python|Java|C++,React|Pandas,Python Certificate|SQL Certificate,2,1,2,2,0,2,2,5,3,10,2,66,72,64,60,84,84,78,79,3,3,2,Full Stack Developer,60.0,Near Ready,Java,Java Programming & Spring Boot,4,Placed
STU0522,Aditi Gupta,AI&DS,8,8.51,78.9,67.4,0,Python|Java,React|Pandas,Python Certificate,2,1,1,1,0,1,1,1,2,6,1,67,67,66,62,84,82,79,85,1,0,0,QA Engineer,60.0,Near Ready,Java|API Testing|Automation Testing,Java for Test Automation|Postman & REST API Testing|Mastering Test Automation & Frameworks,8,Placed
STU0523,Khushi Nair,Mechanical,6,6.52,70.8,70.6,0,Java,Git,Python Certificate|SQL Certificate|Cloud Certificate,0,1,1,0,0,0,3,1,2,4,1,57,60,57,49,80,73,69,75,0,0,1,QA Engineer,60.0,Near Ready,Java|Selenium|API Testing|Automation Testing,Java for Test Automation|Automation Testing with Selenium|Postman & REST API Testing|Mastering Test Automation & Frameworks,10,Placed
STU0524,Pooja Thakur,ECE,5,8.09,76.0,72.8,0,Python|Java,Git,Python Certificate,1,1,1,0,1,0,1,6,3,11,0,61,63,61,54,82,78,73,79,1,0,1,QA Engineer,60.0,Near Ready,Java|API Testing,Java for Test Automation|Postman & REST API Testing,6,Placed
STU0525,Isha Joshi,ECE,7,8.5,81.1,80.8,0,Python|Java,React,Python Certificate|SQL Certificate|Cloud Certificate|DSA Certificate|Web Development Certificate,1,1,1,2,1,1,8,2,3,8,0,72,77,70,68,86,86,84,83,1,1,1,QA Engineer,80.0,Ready,Java|API Testing,Java for Test Automation|Postman & REST API Testing,6,Placed
STU0526,Yash Deshmukh,AI&DS,6,8.98,77.6,92.1,0,Python|Java|C++,React|Spring Boot|Pandas,Python Certificate,3,2,2,1,1,2,1,4,3,10,3,79,83,80,77,89,91,91,90,0,4,2,QA Engineer,92.5,Ready,Advanced interview practice,Advanced Placement Interview Mastery,4,Placed
STU0527,Nikhil Mishra,AI&DS,6,7.48,74.9,75.8,0,Python|Java,React,Python Certificate,1,1,2,2,1,1,1,3,2,9,1,63,66,62,57,83,80,75,78,0,0,1,QA Engineer,60.0,Near Ready,Java|API Testing|Automation Testing,Java for Test Automation|Postman & REST API Testing|Mastering Test Automation & Frameworks,8,Placed
STU0528,Siddharth Agarwal,CSE,6,6.93,72.9,79.8,0,Python|Java,React,,1,1,1,1,0,1,0,2,2,6,0,59,59,53,52,81,78,71,77,2,2,1,Full Stack Developer,14.9,Needs Training,React|Java|DSA|NodeJS|MongoDB,Meta Front-End Development|Java Programming & Spring Boot|Data Structures & Algorithms|Node.js Backend Development|MongoDB Developer Path,12,Not Placed
STU0529,Neha Das,CSE,8,8.1,81.2,69.0,0,Python|Java|C++,React,,1,1,3,2,0,2,0,5,3,10,0,65,68,58,59,83,78,77,79,1,0,1,QA Engineer,60.3,Near Ready,Java|API Testing,Java for Test Automation|Postman & REST API Testing,6,Placed
STU0530,Ishaan Bhat,ECE,7,8.17,79.3,81.2,0,Python|Java,React|Pandas,Python Certificate|SQL Certificate,2,1,1,1,1,1,2,0,2,5,0,72,75,71,68,86,84,84,84,2,1,1,QA Engineer,62.7,Near Ready,Java|API Testing|Automation Testing,Java for Test Automation|Postman & REST API Testing|Mastering Test Automation & Frameworks,8,Placed
STU0531,Meera Shah,ECE,6,5.07,74.8,62.5,0,Python|Java,React,,1,1,0,1,0,0,0,7,3,10,0,47,46,44,40,76,68,60,66,0,0,0,QA Engineer,9.8,Needs Training,Java|Selenium|API Testing,Java for Test Automation|Automation Testing with Selenium|Postman & REST API Testing,8,Not Placed
STU0532,Abhinav Chowdhury,Mechanical,7,5.0,50.1,50.0,1,Python|Java,Git,,1,1,1,0,1,0,0,0,1,3,0,40,43,42,40,72,68,50,58,0,0,0,QA Engineer,5.4,Needs Training,Java|Selenium|API Testing|Automation Testing,Java for Test Automation|Automation Testing with Selenium|Postman & REST API Testing|Mastering Test Automation & Frameworks,10,Not Placed
STU0533,Kavya Joshi,Mechanical,7,6.86,80.2,75.8,1,Python|Java,Git,,1,1,1,0,0,1,0,2,2,6,0,58,58,53,50,81,76,70,78,1,0,1,Data Analyst,15.0,Needs Training,Python|SQL|Statistics|Power BI,Python for Data Analysis|SQL & Database Fundamentals|Statistics for Data Analysis|Microsoft Power BI Data Analyst,10,Not Placed
STU0534,Karan Nair,IT,6,6.43,67.1,78.0,1,Python|Java,Git,,1,1,1,0,0,0,0,1,1,5,0,50,53,49,40,77,69,62,72,0,1,0,QA Engineer,11.3,Needs Training,Java|Selenium|API Testing|Automation Testing,Java for Test Automation|Automation Testing with Selenium|Postman & REST API Testing|Mastering Test Automation & Frameworks,10,Not Placed
STU0535,Anushka Yadav,ECE,7,6.96,78.2,70.3,1,Python,Git,Python Certificate|SQL Certificate,1,0,1,0,0,1,2,1,2,5,0,59,62,56,51,81,78,71,76,1,1,0,QA Engineer,22.2,Needs Training,Java|Selenium|API Testing|Automation Testing,Java for Test Automation|Automation Testing with Selenium|Postman & REST API Testing|Mastering Test Automation & Frameworks,10,Not Placed
STU0536,Divya Mehta,EEE,5,7.96,77.2,76.7,0,Python|Java,React,Python Certificate,1,1,1,1,0,0,1,0,2,4,0,63,65,61,56,83,79,75,81,2,0,0,QA Engineer,60.0,Near Ready,Java|API Testing|Automation Testing,Java for Test Automation|Postman & REST API Testing|Mastering Test Automation & Frameworks,8,Placed
STU0537,Anushka Yadav,ECE,6,6.07,80.1,71.4,1,Python|Java,React,Python Certificate,1,1,0,1,0,0,1,0,1,3,1,59,54,60,52,81,77,71,78,1,1,1,QA Engineer,23.9,Needs Training,Java|Selenium|API Testing|Automation Testing,Java for Test Automation|Automation Testing with Selenium|Postman & REST API Testing|Mastering Test Automation & Frameworks,10,Not Placed
STU0538,Shreya Jain,CSE,7,9.02,87.7,83.8,0,Python|Java,React|Pandas,Python Certificate|SQL Certificate|Cloud Certificate,3,1,2,2,0,1,3,2,2,9,2,82,83,81,80,91,91,94,86,5,1,2,Data Analyst,87.0,Ready,Advanced interview practice,Advanced Placement Interview Mastery,4,Placed
STU0539,Abhinav Patel,AI&DS,6,6.92,75.1,67.0,0,Python|Java|C++,React|Pandas,,2,1,3,1,1,2,0,1,2,6,2,69,74,66,63,85,81,80,80,3,1,1,Data Analyst,60.0,Near Ready,Statistics|Power BI,Statistics for Data Analysis|Microsoft Power BI Data Analyst,6,Placed
STU0540,Divya Reddy,CSE,7,8.18,87.5,73.5,1,Python|Java|C++,React|Pandas|AWS,Python Certificate|SQL Certificate|Cloud Certificate,2,1,2,2,2,2,3,4,3,11,1,68,75,66,63,85,83,80,81,0,0,0,DevOps Engineer,60.0,Near Ready,Docker|Kubernetes,Docker & Kubernetes Bootcamp|Kubernetes for DevOps,6,Placed
STU0541,Ishaan Mishra,Mechanical,7,8.07,82.4,72.2,0,Python|Java,Git,,1,1,1,0,1,1,0,3,2,8,3,72,75,71,68,86,85,84,85,1,1,1,QA Engineer,67.2,Near Ready,Java|API Testing|Automation Testing,Java for Test Automation|Postman & REST API Testing|Mastering Test Automation & Frameworks,8,Placed
STU0542,Kavya Yadav,IT,5,6.57,70.0,75.0,0,Python|Java,React|Spring Boot,,1,2,2,1,1,0,0,0,1,3,0,51,56,54,42,78,74,63,71,0,0,0,QA Engineer,22.9,Needs Training,Selenium|API Testing|Automation Testing,Automation Testing with Selenium|Postman & REST API Testing|Mastering Test Automation & Frameworks,8,Not Placed
STU0543,Tanvi Jain,CSE,7,8.11,92.5,83.7,0,Python|Java|C++,React|Spring Boot|Pandas|AWS,,2,3,2,3,2,2,0,3,3,10,0,77,76,81,74,88,87,89,85,0,1,1,Full Stack Developer,85.1,Ready,NodeJS|MongoDB,Node.js Backend Development|MongoDB Developer Path,6,Placed
STU0544,Sanjay Kulkarni,IT,6,8.06,72.2,72.2,1,Python|Java|C++,React,Python Certificate,1,1,2,1,1,2,1,5,4,11,0,64,65,63,57,83,80,76,79,0,0,0,QA Engineer,60.0,Near Ready,Java|API Testing,Java for Test Automation|Postman & REST API Testing,6,Placed
STU0545,Khushi Kumar,IT,8,8.69,86.3,86.4,0,Python|Java,React|Pandas|AWS,Python Certificate|SQL Certificate,2,1,1,2,2,1,2,1,3,8,0,73,74,68,69,87,85,85,85,2,2,2,QA Engineer,81.2,Ready,Java|API Testing,Java for Test Automation|Postman & REST API Testing,6,Placed
STU0546,Divya Joshi,AI&DS,7,6.72,66.5,58.6,1,Python|Java,React,,1,1,1,1,1,1,0,1,2,5,0,52,51,52,43,78,76,64,72,0,0,1,QA Engineer,13.7,Needs Training,Java|Selenium|API Testing|Automation Testing,Java for Test Automation|Automation Testing with Selenium|Postman & REST API Testing|Mastering Test Automation & Frameworks,10,Not Placed
STU0547,Harsh Shah,CSE,8,5.88,64.9,56.4,1,Java,Git,,0,1,1,0,0,1,0,0,2,3,0,46,45,44,40,76,73,59,70,0,0,0,QA Engineer,5.5,Needs Training,Java|Selenium|API Testing|Automation Testing,Java for Test Automation|Automation Testing with Selenium|Postman & REST API Testing|Mastering Test Automation & Frameworks,10,Not Placed
STU0548,Dev Joshi,IT,7,8.61,84.9,82.8,0,Python|Java|C++,React|Pandas,Python Certificate|SQL Certificate|Cloud Certificate,2,1,2,2,1,2,3,3,3,8,2,75,76,74,71,87,85,86,84,0,1,1,Data Analyst,80.3,Ready,Advanced interview practice,Advanced Placement Interview Mastery,4,Placed
STU0549,Aarav Thakur,AI&DS,5,7.52,73.5,84.6,0,Python|Java|C++,React|Spring Boot|Pandas,Python Certificate|SQL Certificate|Cloud Certificate,2,2,2,1,1,2,3,1,2,6,2,69,70,62,64,85,80,81,81,0,0,1,QA Engineer,60.0,Near Ready,API Testing|Automation Testing,Postman & REST API Testing|Mastering Test Automation & Frameworks,6,Placed
STU0550,Shreya Singh,ECE,7,7.03,66.9,69.9,1,Python,Git,,0,0,1,0,0,0,0,1,2,5,0,54,56,52,45,79,76,66,76,0,0,0,Data Analyst,10.9,Needs Training,Python|SQL|Statistics|Power BI,Python for Data Analysis|SQL & Database Fundamentals|Statistics for Data Analysis|Microsoft Power BI Data Analyst,10,Not Placed
STU0551,Kavya Verma,AI&DS,8,7.46,77.8,68.7,0,Python,React|Pandas,Python Certificate|SQL Certificate|Cloud Certificate,2,0,1,2,1,1,3,2,2,6,0,54,56,53,46,79,75,66,79,0,1,1,Data Analyst,60.0,Near Ready,SQL|Statistics,SQL & Database Fundamentals|Statistics for Data Analysis,6,Placed
STU0552,Akash Bhat,ECE,7,9.16,91.4,85.6,0,Python|Java,React|Spring Boot,Python Certificate|SQL Certificate|Cloud Certificate|DSA Certificate|Web Development Certificate,1,2,2,1,1,1,5,5,4,11,0,78,75,79,75,89,89,90,91,3,2,3,QA Engineer,88.7,Ready,Advanced interview practice,Advanced Placement Interview Mastery,4,Placed
STU0553,Khushi Thakur,IT,8,5.95,68.2,66.7,0,Python|Java,React,,1,1,1,1,0,1,0,4,3,7,0,50,51,51,41,77,72,63,73,0,0,0,Full Stack Developer,9.4,Needs Training,React|Java|DSA|MongoDB,Meta Front-End Development|Java Programming & Spring Boot|Data Structures & Algorithms|MongoDB Developer Path,10,Not Placed
STU0554,Arjun Pandey,IT,8,9.32,92.4,91.0,0,Python|Java|C++,React|Spring Boot|Pandas,Python Certificate|SQL Certificate|Cloud Certificate|DSA Certificate,2,2,3,2,1,3,4,6,4,14,0,84,83,83,83,92,93,96,94,6,1,2,QA Engineer,95.4,Ready,Advanced interview practice,Advanced Placement Interview Mastery,4,Placed
STU0555,Karthik Mishra,EEE,6,5.95,69.3,60.7,0,Python|Java,Git,,1,1,1,0,0,0,0,5,4,7,0,54,56,52,45,79,76,66,72,1,0,1,QA Engineer,19.6,Needs Training,Java|Selenium|API Testing,Java for Test Automation|Automation Testing with Selenium|Postman & REST API Testing,8,Not Placed
STU0556,Ankit Chawla,AI&DS,6,8.42,89.9,81.0,0,Python|Java,React|Spring Boot|Pandas|AWS,Python Certificate|SQL Certificate,2,2,2,1,2,1,2,4,3,9,0,72,74,68,68,86,87,84,83,2,1,1,QA Engineer,80.0,Ready,API Testing,Postman & REST API Testing,4,Placed
STU0557,Aarav Deshmukh,CSE,7,7.4,74.4,65.6,0,Python|Java,React,Python Certificate,1,1,1,1,1,1,1,0,1,5,2,61,59,59,54,82,81,73,77,0,0,0,QA Engineer,60.0,Near Ready,Java|API Testing|Automation Testing,Java for Test Automation|Postman & REST API Testing|Mastering Test Automation & Frameworks,8,Placed
STU0558,Khushi Mishra,CSE,7,7.17,84.0,80.9,0,Python|Java|C++,React|Spring Boot|Pandas,,2,2,2,3,1,2,0,2,3,8,1,72,75,66,68,86,86,84,84,3,0,2,Full Stack Developer,80.0,Ready,NodeJS|MongoDB,Node.js Backend Development|MongoDB Developer Path,6,Placed
STU0559,Riya Chowdhury,ECE,8,6.37,79.4,67.2,0,Java,Git,Python Certificate|SQL Certificate,0,1,1,0,0,0,2,3,2,7,1,58,62,53,50,81,77,70,81,1,0,1,QA Engineer,26.3,Needs Training,Java|Selenium|API Testing|Automation Testing,Java for Test Automation|Automation Testing with Selenium|Postman & REST API Testing|Mastering Test Automation & Frameworks,10,Not Placed
STU0560,Meera Patel,IT,8,7.2,72.8,88.8,0,Python|Java,React|Pandas,Python Certificate,2,1,1,2,1,1,1,2,2,7,0,63,62,64,56,82,80,75,78,0,0,1,QA Engineer,60.0,Near Ready,Java|API Testing|Automation Testing,Java for Test Automation|Postman & REST API Testing|Mastering Test Automation & Frameworks,8,Placed
STU0561,Akash Iyer,IT,6,7.39,86.1,75.1,0,Python|Java|C++,React|AWS,Python Certificate|SQL Certificate,1,1,1,2,2,2,2,4,4,9,1,65,69,61,59,84,80,77,81,0,2,1,Full Stack Developer,60.9,Near Ready,Java|MongoDB,Java Programming & Spring Boot|MongoDB Developer Path,6,Placed
STU0562,Riya Kumar,CSE,6,5.89,62.3,57.6,1,Python|Java,React|Pandas,Python Certificate,2,1,1,1,1,0,1,3,2,6,0,53,54,49,44,78,74,65,70,0,0,0,QA Engineer,14.8,Needs Training,Java|Selenium|API Testing|Automation Testing,Java for Test Automation|Automation Testing with Selenium|Postman & REST API Testing|Mastering Test Automation & Frameworks,10,Not Placed
STU0563,Ananya Rao,CSE,7,8.44,92.1,80.9,0,Python|Java|C++,React|Spring Boot,Python Certificate|SQL Certificate,1,2,2,1,1,2,2,3,3,8,3,74,74,75,70,87,85,85,85,1,0,0,QA Engineer,80.1,Ready,Advanced interview practice,Advanced Placement Interview Mastery,4,Placed
STU0564,Sahil Gupta,CSE,6,7.11,72.0,73.5,1,Python|Java,React,Python Certificate,1,1,2,1,1,0,1,1,2,6,0,59,62,57,51,81,78,71,78,0,0,1,QA Engineer,60.0,Near Ready,Java|Selenium|API Testing|Automation Testing,Java for Test Automation|Automation Testing with Selenium|Postman & REST API Testing|Mastering Test Automation & Frameworks,10,Placed
STU0565,Sneha Pandey,AI&DS,8,7.17,75.0,83.0,0,Python|Java,React,Python Certificate|SQL Certificate,1,1,1,1,1,1,2,6,3,11,2,62,60,57,55,82,77,74,75,1,0,1,QA Engineer,60.0,Near Ready,Java|API Testing,Java for Test Automation|Postman & REST API Testing,6,Placed
STU0566,Zoya Verma,IT,7,6.13,60.6,62.5,0,Python|Java,React,Python Certificate|SQL Certificate|Cloud Certificate,1,1,2,1,1,0,3,0,2,3,2,53,52,50,44,78,69,65,66,0,0,1,QA Engineer,18.3,Needs Training,Java|Selenium|API Testing|Automation Testing,Java for Test Automation|Automation Testing with Selenium|Postman & REST API Testing|Mastering Test Automation & Frameworks,10,Not Placed
STU0567,Bhavya Singh,AI&DS,7,5.46,55.2,50.0,2,Python,Git,,0,0,0,0,0,0,0,0,1,1,0,40,42,44,40,70,66,47,64,0,0,0,QA Engineer,5.0,Needs Training,Java|Selenium|API Testing|Automation Testing,Java for Test Automation|Automation Testing with Selenium|Postman & REST API Testing|Mastering Test Automation & Frameworks,10,Not Placed
STU0568,Sneha Joshi,AI&DS,5,8.14,71.3,78.2,0,Python|Java,React|Spring Boot,Python Certificate|SQL Certificate,1,2,1,2,1,1,2,3,2,8,1,62,66,60,56,82,78,74,75,2,1,2,QA Engineer,60.0,Near Ready,API Testing|Automation Testing,Postman & REST API Testing|Mastering Test Automation & Frameworks,6,Placed
STU0569,Anish Nair,EEE,7,9.67,94.3,88.4,0,Python|Java|C++,React|Spring Boot|Pandas,,2,2,2,2,1,2,0,7,5,15,1,94,91,91,95,95,95,100,96,6,1,3,Full Stack Developer,96.0,Ready,Advanced interview practice,Advanced Placement Interview Mastery,4,Placed
STU0570,Anushka Bhat,AI&DS,7,7.98,83.6,79.4,0,Python|Java|C++,React|Spring Boot|Pandas,Python Certificate|SQL Certificate,2,2,2,1,1,2,2,2,2,8,3,74,77,69,70,87,85,86,79,4,0,1,QA Engineer,83.2,Ready,Automation Testing,Mastering Test Automation & Frameworks,4,Placed
STU0571,Karthik Das,AI&DS,7,7.73,82.6,73.3,0,Python|Java,React,Python Certificate|SQL Certificate,1,1,1,1,0,1,2,2,2,7,0,64,64,63,58,83,77,76,80,0,1,1,QA Engineer,60.0,Near Ready,Java|API Testing|Automation Testing,Java for Test Automation|Postman & REST API Testing|Mastering Test Automation & Frameworks,8,Placed
STU0572,Utkarsh Kulkarni,ECE,6,7.06,76.9,72.2,0,Python|Java,Git,,1,1,0,0,1,0,0,2,2,7,0,62,59,61,55,82,79,74,73,1,1,1,QA Engineer,60.0,Near Ready,Java|API Testing|Automation Testing,Java for Test Automation|Postman & REST API Testing|Mastering Test Automation & Frameworks,8,Placed
STU0573,Varun Nair,AI&DS,7,7.45,79.7,79.3,0,Python|Java,React|Spring Boot,Python Certificate,1,2,2,1,1,1,1,1,2,6,0,65,65,62,59,83,81,77,85,0,2,1,QA Engineer,60.0,Near Ready,API Testing|Automation Testing,Postman & REST API Testing|Mastering Test Automation & Frameworks,6,Placed
STU0574,Rishabh Agarwal,IT,8,8.42,76.9,75.8,0,Python|Java|C++,React|Spring Boot,Python Certificate|SQL Certificate|Cloud Certificate,1,2,2,2,0,2,3,4,4,10,1,71,71,68,67,86,84,83,85,2,0,1,Full Stack Developer,80.0,Ready,Advanced interview practice,Advanced Placement Interview Mastery,4,Placed
STU0575,Nishant Chowdhury,ECE,6,5.36,64.1,62.7,0,Python,React,Python Certificate,0,0,0,1,0,0,1,4,3,6,0,51,53,47,41,77,71,63,74,0,0,0,QA Engineer,11.6,Needs Training,Java|Selenium|API Testing,Java for Test Automation|Automation Testing with Selenium|Postman & REST API Testing,8,Not Placed
STU0576,Rahul Joshi,EEE,5,9.27,95.9,84.9,0,Python|Java|C++,Spring Boot|Pandas,Python Certificate|SQL Certificate|Cloud Certificate,2,2,2,0,1,2,3,3,3,11,1,78,77,76,75,89,91,90,89,3,0,2,QA Engineer,93.2,Ready,Advanced interview practice,Advanced Placement Interview Mastery,4,Placed
STU0577,Tanvi Das,CSE,5,8.25,80.0,82.3,0,Python|Java|C++,React|Pandas,Python Certificate,2,1,3,2,1,2,1,4,3,10,0,73,75,75,69,87,86,85,80,3,1,2,Data Analyst,80.0,Ready,Power BI,Microsoft Power BI Data Analyst,4,Placed
STU0578,Kunal Deshmukh,EEE,7,8.01,92.0,82.1,0,Python|Java,React|Pandas,Python Certificate|SQL Certificate,2,1,2,2,1,1,2,6,4,13,1,73,74,71,69,87,83,85,81,4,0,1,Data Analyst,80.0,Ready,Statistics,Statistics for Data Analysis,4,Placed
STU0579,Varun Verma,AI&DS,7,7.89,80.3,81.6,0,Python|Java,React|Spring Boot|Pandas,Python Certificate,2,2,1,2,1,1,1,4,4,9,0,70,74,67,65,85,81,82,82,1,0,1,QA Engineer,66.9,Near Ready,API Testing,Postman & REST API Testing,4,Placed
STU0580,Varun Yadav,CSE,7,7.5,78.2,80.2,0,Python|Java,React|Pandas,Python Certificate|SQL Certificate|Cloud Certificate|DSA Certificate,2,1,2,2,0,1,4,2,2,7,3,65,67,62,59,83,84,77,80,2,1,2,QA Engineer,80.0,Ready,Java|API Testing|Automation Testing,Java for Test Automation|Postman & REST API Testing|Mastering Test Automation & Frameworks,8,Placed
STU0581,Ankit Jain,AI&DS,6,7.31,88.7,83.4,1,Python|Java|C++,React|Spring Boot|Pandas|AWS,Python Certificate|SQL Certificate,2,2,2,1,2,3,2,6,4,13,0,73,75,72,69,87,84,85,87,2,0,1,Full Stack Developer,80.1,Ready,React,Meta Front-End Development,4,Placed
STU0582,Gaurav Pandey,Mechanical,6,8.84,89.1,83.0,0,Python|Java,React|Pandas,Python Certificate|SQL Certificate,2,1,1,1,0,1,2,2,3,8,3,72,72,71,67,86,79,83,78,1,1,1,Data Analyst,66.6,Near Ready,SQL|Statistics,SQL & Database Fundamentals|Statistics for Data Analysis,6,Placed
STU0583,Gaurav Iyer,AI&DS,7,7.17,74.6,62.3,0,Python|Java,React,Python Certificate,1,1,2,1,1,0,1,2,2,7,0,60,61,55,53,82,78,73,72,0,0,0,QA Engineer,60.0,Near Ready,Java|API Testing|Automation Testing,Java for Test Automation|Postman & REST API Testing|Mastering Test Automation & Frameworks,8,Placed
STU0584,Yash Gupta,AI&DS,7,7.15,71.5,70.1,1,Python|Java,AWS,,1,1,1,0,2,1,0,2,2,6,0,58,61,57,50,80,73,70,80,1,0,0,DevOps Engineer,23.6,Needs Training,Python|Docker|Kubernetes,Python Automation|Docker & Kubernetes Bootcamp|Kubernetes for DevOps,8,Not Placed
STU0585,Chaitanya Nair,IT,8,8.08,78.5,78.8,1,Python|Java,React|Spring Boot|Pandas|AWS,Python Certificate|SQL Certificate|Cloud Certificate,2,2,2,2,2,1,3,5,4,11,1,66,65,62,60,84,80,78,78,1,1,2,Full Stack Developer,71.3,Near Ready,DSA,Data Structures & Algorithms,4,Placed
STU0586,Dev Bhat,CSE,5,8.54,92.1,93.3,0,Python|Java|C++,React|Spring Boot|Pandas,Python Certificate|SQL Certificate,3,3,2,2,1,3,2,7,4,13,1,83,82,84,82,91,95,95,97,7,1,3,Full Stack Developer,94.9,Ready,Advanced interview practice,Advanced Placement Interview Mastery,4,Placed
STU0587,Ananya Patel,CSE,7,6.5,72.5,59.7,1,Python,Git,,1,0,1,0,0,0,0,1,1,4,0,50,56,43,40,77,74,62,72,1,0,0,QA Engineer,6.5,Needs Training,Java|Selenium|API Testing|Automation Testing,Java for Test Automation|Automation Testing with Selenium|Postman & REST API Testing|Mastering Test Automation & Frameworks,10,Not Placed
STU0588,Aarav Das,CSE,7,5.9,66.3,57.8,1,Python|Java,Git,,1,1,0,0,0,1,0,2,2,4,0,47,48,45,40,76,71,60,69,0,0,1,QA Engineer,9.7,Needs Training,Java|Selenium|API Testing|Automation Testing,Java for Test Automation|Automation Testing with Selenium|Postman & REST API Testing|Mastering Test Automation & Frameworks,10,Not Placed
STU0589,Rahul Thakur,CSE,7,8.09,82.4,73.0,0,Python|Java,React|Pandas,Python Certificate|SQL Certificate,2,1,2,2,1,1,2,6,4,12,1,67,69,66,61,84,77,78,84,0,0,1,Full Stack Developer,60.2,Near Ready,Java|DSA,Java Programming & Spring Boot|Data Structures & Algorithms,6,Placed
STU0590,Utkarsh Mishra,CSE,7,6.49,86.6,78.7,0,Python|Java,React,Python Certificate|SQL Certificate|Cloud Certificate,1,1,1,2,0,1,3,2,2,7,2,65,64,61,59,84,83,77,79,1,0,1,QA Engineer,60.0,Near Ready,Java|API Testing|Automation Testing,Java for Test Automation|Postman & REST API Testing|Mastering Test Automation & Frameworks,8,Placed
STU0591,Khushi Verma,CSE,7,7.62,81.3,82.8,0,Python|Java,React|Spring Boot|Pandas,,2,2,2,1,1,1,0,1,2,7,3,67,71,66,61,84,79,79,82,1,0,1,QA Engineer,80.0,Ready,API Testing|Automation Testing,Postman & REST API Testing|Mastering Test Automation & Frameworks,6,Placed
STU0592,Harsh Joshi,IT,8,7.44,81.5,74.8,0,Python|Java|C++,React|Pandas,Python Certificate|SQL Certificate,2,1,2,2,1,2,2,6,4,11,1,68,66,66,62,85,85,80,81,1,2,1,Full Stack Developer,60.2,Near Ready,Java,Java Programming & Spring Boot,4,Placed
STU0593,Aiswarya Joshi,CSE,5,7.49,68.6,78.4,0,Python|Java,React|Pandas,Python Certificate,2,1,2,2,1,1,1,2,2,8,0,62,63,60,55,82,79,74,81,1,0,1,DevOps Engineer,60.0,Near Ready,AWS|Docker|Kubernetes,AWS Cloud Practitioner|Docker & Kubernetes Bootcamp|Kubernetes for DevOps,8,Placed
STU0594,Abhinav Chawla,AI&DS,5,9.22,76.8,89.1,0,Python|Java|C++,React|Spring Boot|AWS,Python Certificate|SQL Certificate|Cloud Certificate|DSA Certificate,1,3,3,2,2,3,4,2,3,10,2,83,88,85,81,91,90,94,90,1,0,1,Full Stack Developer,92.6,Ready,NodeJS|MongoDB,Node.js Backend Development|MongoDB Developer Path,6,Placed
STU0595,Rohan Gupta,EEE,7,5.55,67.1,59.8,0,Python,Git,,0,0,0,0,0,0,0,3,2,6,0,46,45,47,40,75,72,58,63,0,0,0,QA Engineer,5.0,Needs Training,Java|Selenium|API Testing|Automation Testing,Java for Test Automation|Automation Testing with Selenium|Postman & REST API Testing|Mastering Test Automation & Frameworks,10,Not Placed
STU0596,Zoya Nair,AI&DS,7,6.32,70.9,66.3,0,Python|Java,Spring Boot,,1,2,2,0,0,1,0,2,2,5,1,55,54,50,46,79,75,67,78,0,0,0,QA Engineer,60.0,Near Ready,Selenium|API Testing|Automation Testing,Automation Testing with Selenium|Postman & REST API Testing|Mastering Test Automation & Frameworks,8,Placed
STU0597,Karan Pillai,IT,6,7.34,74.6,78.6,0,Python|Java,React|Pandas,Python Certificate,2,1,1,2,0,1,1,1,2,7,3,63,65,65,57,83,81,75,80,1,0,0,Data Analyst,60.0,Near Ready,SQL|Statistics|Power BI,SQL & Database Fundamentals|Statistics for Data Analysis|Microsoft Power BI Data Analyst,8,Placed
STU0598,Vedant Deshmukh,CSE,5,5.41,66.1,62.2,0,Python,Git,,1,0,1,0,0,0,0,0,1,3,0,45,44,43,40,75,69,57,68,0,0,0,QA Engineer,5.5,Needs Training,Java|Selenium|API Testing|Automation Testing,Java for Test Automation|Automation Testing with Selenium|Postman & REST API Testing|Mastering Test Automation & Frameworks,10,Not Placed
STU0599,Yash Pillai,CSE,5,7.75,76.3,87.1,1,Python|Java,React|Spring Boot,Python Certificate|SQL Certificate,1,2,2,1,0,1,2,3,2,8,0,63,66,62,56,82,80,74,75,2,1,2,QA Engineer,60.0,Near Ready,API Testing|Automation Testing,Postman & REST API Testing|Mastering Test Automation & Frameworks,6,Placed
STU0600,Divya Das,CSE,8,8.98,96.9,84.8,0,Python|Java|C++,React|Spring Boot|Pandas|AWS,Python Certificate|SQL Certificate,3,2,3,3,2,3,2,5,4,12,2,85,87,83,84,92,93,96,90,2,2,2,Full Stack Developer,95.4,Ready,Advanced interview practice,Advanced Placement Interview Mastery,4,Placed
STU0601,Anushka Bhat,CSE,6,6.07,78.6,78.3,0,Python|Java,React|Spring Boot,Python Certificate|SQL Certificate,1,2,2,1,1,1,2,3,3,8,1,65,65,60,59,83,80,77,77,3,0,1,QA Engineer,60.0,Near Ready,API Testing,Postman & REST API Testing,4,Placed
STU0602,Harsh Pandey,CSE,6,7.54,76.1,73.9,0,Python|Java|C++,React|Spring Boot|Pandas,Python Certificate|SQL Certificate,2,2,2,2,1,2,2,4,3,9,2,67,67,64,62,84,82,79,81,1,0,1,Full Stack Developer,80.0,Ready,Advanced interview practice,Advanced Placement Interview Mastery,4,Placed
STU0603,Bhavya Kapoor,CSE,6,5.72,72.9,58.4,1,Python,React,,1,0,0,1,0,0,0,0,1,3,0,50,50,44,40,77,74,62,70,0,1,0,Data Analyst,5.0,Needs Training,Python|SQL|Statistics|Power BI,Python for Data Analysis|SQL & Database Fundamentals|Statistics for Data Analysis|Microsoft Power BI Data Analyst,10,Not Placed
STU0604,Kavya Shetty,CSE,6,6.07,72.0,69.4,0,Python|Java,React,Python Certificate|SQL Certificate,1,1,1,1,0,1,2,1,1,5,1,57,55,60,49,80,74,69,73,2,0,1,QA Engineer,27.3,Needs Training,Java|Selenium|API Testing|Automation Testing,Java for Test Automation|Automation Testing with Selenium|Postman & REST API Testing|Mastering Test Automation & Frameworks,10,Not Placed
STU0605,Bhavya Gupta,CSE,5,6.51,77.6,72.4,0,Python|Java|C++,React,,1,1,2,2,0,2,0,1,2,5,0,60,61,59,53,81,74,72,76,2,1,2,QA Engineer,21.7,Needs Training,Java|API Testing|Automation Testing,Java for Test Automation|Postman & REST API Testing|Mastering Test Automation & Frameworks,8,Not Placed
STU0606,Akash Patel,AI&DS,7,7.24,73.1,89.6,0,Python|Java,React|AWS,Python Certificate|SQL Certificate,1,1,1,1,2,0,2,2,2,7,1,61,63,63,54,82,78,73,78,1,0,1,QA Engineer,60.0,Near Ready,Java|API Testing|Automation Testing,Java for Test Automation|Postman & REST API Testing|Mastering Test Automation & Frameworks,8,Placed
STU0607,Kunal Kulkarni,CSE,5,9.45,85.0,85.4,0,Python|Java|C++,React|Spring Boot|AWS,Python Certificate|SQL Certificate,1,2,3,2,2,2,2,6,4,12,3,80,81,77,78,90,89,92,88,2,3,3,QA Engineer,94.5,Ready,Advanced interview practice,Advanced Placement Interview Mastery,4,Placed
STU0608,Ishaan Shetty,AI&DS,8,8.21,82.9,73.2,0,Python|Java,React|Spring Boot,,1,2,3,2,1,1,0,3,3,9,3,71,68,69,67,86,82,83,86,3,2,2,QA Engineer,82.5,Ready,API Testing,Postman & REST API Testing,4,Placed
STU0609,Sneha Kapoor,AI&DS,6,6.09,69.2,66.6,0,Python,Git,Python Certificate,1,0,2,0,0,0,1,2,2,5,0,51,50,54,42,78,76,64,73,0,0,1,Data Analyst,8.8,Needs Training,Python|Statistics|Power BI,Python for Data Analysis|Statistics for Data Analysis|Microsoft Power BI Data Analyst,8,Not Placed
STU0610,Khushi Chowdhury,IT,7,7.97,82.4,64.8,0,Python|Java|C++,React|Spring Boot|Pandas,Python Certificate|SQL Certificate|Cloud Certificate,2,2,3,2,1,2,3,4,3,9,1,68,66,65,62,85,84,80,82,2,0,1,Full Stack Developer,65.8,Near Ready,Advanced interview practice,Advanced Placement Interview Mastery,4,Placed
STU0611,Anushka Chowdhury,CSE,8,7.77,80.6,78.9,0,Python|Java|C++,React|AWS,Python Certificate|SQL Certificate,1,1,2,1,2,3,2,4,3,10,1,71,68,68,66,86,83,82,87,1,0,1,DevOps Engineer,60.0,Near Ready,Python|Docker|Kubernetes,Python Automation|Docker & Kubernetes Bootcamp|Kubernetes for DevOps,8,Placed
STU0612,Abhinav Joshi,ECE,7,8.29,77.9,85.4,1,Python|Java,React,Python Certificate,1,1,2,1,1,1,1,1,2,7,2,78,76,76,76,89,86,90,86,2,2,2,QA Engineer,80.0,Ready,Java|Automation Testing,Java for Test Automation|Mastering Test Automation & Frameworks,6,Placed
STU0613,Abhinav Rao,IT,7,8.5,88.5,94.0,0,Python|Java|C++,React|Spring Boot|Pandas,Python Certificate|SQL Certificate,3,3,2,2,1,3,2,5,3,12,1,84,86,82,82,91,93,95,85,1,5,3,Full Stack Developer,93.5,Ready,Advanced interview practice,Advanced Placement Interview Mastery,4,Placed
STU0614,Kavya Agarwal,CSE,6,5.61,73.8,71.7,0,Python|Java,Git,Python Certificate,1,1,0,0,0,1,1,0,2,3,0,53,52,48,43,78,73,65,74,0,0,1,QA Engineer,13.4,Needs Training,Java|Selenium|API Testing|Automation Testing,Java for Test Automation|Automation Testing with Selenium|Postman & REST API Testing|Mastering Test Automation & Frameworks,10,Not Placed
STU0615,Shreya Mishra,EEE,6,6.49,70.0,64.7,0,Python,Git,,0,0,0,0,0,0,0,1,3,4,1,55,56,57,46,79,77,67,73,1,0,0,QA Engineer,15.4,Needs Training,Java|Selenium|API Testing,Java for Test Automation|Automation Testing with Selenium|Postman & REST API Testing,8,Not Placed
STU0616,Rahul Gupta,EEE,7,6.32,66.7,62.8,0,Python|Java,AWS,,1,1,0,0,2,0,0,0,1,3,0,50,49,47,40,77,71,62,72,1,0,1,QA Engineer,15.0,Needs Training,Java|Selenium|API Testing|Automation Testing,Java for Test Automation|Automation Testing with Selenium|Postman & REST API Testing|Mastering Test Automation & Frameworks,10,Not Placed
STU0617,Utkarsh Verma,CSE,8,7.22,81.1,68.3,0,Python|Java,React|Spring Boot,Python Certificate,1,2,2,2,1,1,1,6,4,10,0,62,64,58,55,82,79,74,80,1,0,1,Full Stack Developer,60.0,Near Ready,DSA,Data Structures & Algorithms,4,Placed
STU0618,Priya Yadav,CSE,7,7.76,78.2,72.4,0,Python|Java,React|Spring Boot|Pandas,Python Certificate,2,2,2,1,0,1,1,2,2,8,1,70,73,72,66,86,87,82,87,2,2,2,QA Engineer,65.3,Near Ready,API Testing|Automation Testing,Postman & REST API Testing|Mastering Test Automation & Frameworks,6,Placed
STU0619,Manish Kulkarni,ECE,7,8.01,78.2,85.7,0,Python|Java|C++,Spring Boot|Pandas,Python Certificate|SQL Certificate|Cloud Certificate,2,2,1,0,1,2,3,8,4,13,0,77,78,76,73,88,82,88,89,2,2,1,DevOps Engineer,67.6,Near Ready,AWS|Kubernetes,AWS Cloud Practitioner|Kubernetes for DevOps,6,Placed
STU0620,Karan Sharma,IT,7,7.73,76.6,66.7,1,Python|Java,React|AWS,Python Certificate|SQL Certificate,1,1,1,1,2,1,2,2,3,7,0,64,61,68,57,83,81,76,79,2,1,1,QA Engineer,60.0,Near Ready,Java|API Testing,Java for Test Automation|Postman & REST API Testing,6,Placed
STU0621,Anish Nair,CSE,7,6.52,73.0,69.6,0,Python|Java,React|Spring Boot|Pandas,Python Certificate,2,2,1,2,1,0,1,4,3,8,0,61,59,59,54,82,76,73,74,2,1,1,Full Stack Developer,60.0,Near Ready,DSA|MongoDB,Data Structures & Algorithms|MongoDB Developer Path,6,Placed
STU0622,Zoya Shetty,CSE,5,8.04,74.4,70.4,0,Python|Java,React|Pandas,Python Certificate|SQL Certificate|Cloud Certificate|DSA Certificate,3,1,1,1,1,1,4,5,3,10,3,67,69,63,61,84,81,78,81,2,0,1,DevOps Engineer,65.6,Near Ready,AWS|Docker|Kubernetes,AWS Cloud Practitioner|Docker & Kubernetes Bootcamp|Kubernetes for DevOps,8,Placed
STU0623,Sneha Deshmukh,AI&DS,7,6.16,70.4,70.8,0,Python|Java,React,,1,1,1,1,1,0,0,2,2,6,0,55,55,56,46,79,73,67,74,0,1,1,QA Engineer,19.3,Needs Training,Java|Selenium|API Testing|Automation Testing,Java for Test Automation|Automation Testing with Selenium|Postman & REST API Testing|Mastering Test Automation & Frameworks,10,Not Placed
STU0624,Aditi Jain,AI&DS,8,9.21,97.2,100.0,0,Python|Java|C++,React|Spring Boot|Pandas|AWS,Python Certificate|SQL Certificate|Cloud Certificate|DSA Certificate,3,2,3,3,2,3,4,3,3,11,3,90,94,93,90,94,98,100,93,2,1,2,Full Stack Developer,96.3,Ready,NodeJS|MongoDB,Node.js Backend Development|MongoDB Developer Path,6,Placed
STU0625,Zoya Shetty,IT,6,5.16,65.1,52.7,0,Python,React,,0,0,1,1,0,0,0,2,2,4,0,45,48,41,40,75,72,58,69,0,0,0,QA Engineer,5.7,Needs Training,Java|Selenium|API Testing|Automation Testing,Java for Test Automation|Automation Testing with Selenium|Postman & REST API Testing|Mastering Test Automation & Frameworks,10,Not Placed
STU0626,Kavya Deshmukh,AI&DS,7,7.43,81.0,65.5,1,Python|Java,React|Spring Boot,Python Certificate,1,2,2,2,1,1,1,2,2,6,0,67,66,67,61,84,77,79,78,2,1,1,QA Engineer,60.0,Near Ready,API Testing|Automation Testing,Postman & REST API Testing|Mastering Test Automation & Frameworks,6,Placed
STU0627,Aditya Jain,AI&DS,6,10.0,100.0,92.5,0,Python|Java|C++,React|Spring Boot|Pandas|AWS,Python Certificate,3,2,2,2,2,2,1,5,4,12,1,89,90,89,89,93,92,100,96,3,1,3,Full Stack Developer,94.4,Ready,Advanced interview practice,Advanced Placement Interview Mastery,4,Placed
STU0628,Karthik Patel,IT,7,7.76,76.3,75.2,0,Python|Java,React|Pandas,Python Certificate,2,1,1,2,1,1,1,1,2,7,2,65,70,67,59,83,82,77,82,2,0,1,QA Engineer,60.0,Near Ready,Java|API Testing|Automation Testing,Java for Test Automation|Postman & REST API Testing|Mastering Test Automation & Frameworks,8,Placed
STU0629,Riya Agarwal,CSE,5,7.8,77.9,74.6,0,Python|Java|C++,React|Pandas,Python Certificate|SQL Certificate,2,1,2,2,1,2,2,1,2,7,2,62,67,63,56,82,81,74,76,2,1,2,Data Analyst,62.5,Near Ready,Statistics,Statistics for Data Analysis,4,Placed
STU0630,Vikas Chowdhury,CSE,7,7.4,72.6,69.1,0,Java|C++,React,,0,1,1,1,1,2,0,2,3,6,2,60,61,58,53,82,75,73,76,0,0,1,QA Engineer,60.0,Near Ready,Java|API Testing,Java for Test Automation|Postman & REST API Testing,6,Placed
STU0631,Kavya Patel,IT,7,6.77,72.3,72.2,1,Python|Java|C++,React|AWS,Python Certificate,1,1,2,1,2,2,1,4,3,9,0,63,64,59,56,82,76,74,76,1,1,2,QA Engineer,60.0,Near Ready,Java|API Testing,Java for Test Automation|Postman & REST API Testing,6,Placed
STU0632,Tanvi Das,EEE,6,8.71,86.1,89.6,0,Python|Java,React|Pandas,Python Certificate|SQL Certificate,2,1,3,1,1,1,2,3,2,9,0,81,85,84,79,90,87,93,92,0,0,1,QA Engineer,83.2,Ready,Java|Automation Testing,Java for Test Automation|Mastering Test Automation & Frameworks,6,Placed
STU0633,Vedant Shetty,AI&DS,7,5.0,57.9,61.3,0,Python,Git,,0,0,0,0,0,1,0,0,1,1,0,40,41,41,40,72,66,51,63,0,0,0,QA Engineer,5.0,Needs Training,Java|Selenium|API Testing|Automation Testing,Java for Test Automation|Automation Testing with Selenium|Postman & REST API Testing|Mastering Test Automation & Frameworks,10,Not Placed
STU0634,Sahil Gupta,AI&DS,7,9.7,92.1,77.1,0,Python|Java|C++,React|Spring Boot|Pandas|AWS,Python Certificate,3,2,2,1,2,2,1,4,3,12,0,83,84,86,82,91,90,95,88,3,2,2,QA Engineer,95.3,Ready,Advanced interview practice,Advanced Placement Interview Mastery,4,Placed
STU0635,Riya Shah,CSE,8,5.48,78.4,60.0,1,Python,React,,1,0,1,1,1,0,0,0,1,3,0,48,51,45,40,76,71,60,73,0,0,0,QA Engineer,5.9,Needs Training,Java|Selenium|API Testing|Automation Testing,Java for Test Automation|Automation Testing with Selenium|Postman & REST API Testing|Mastering Test Automation & Frameworks,10,Not Placed
STU0636,Pranav Mehta,AI&DS,6,7.68,72.3,73.9,1,Python|Java,React,Python Certificate,1,1,2,1,1,1,1,3,3,9,1,62,65,62,55,82,79,74,76,0,0,0,QA Engineer,60.0,Near Ready,Java|API Testing,Java for Test Automation|Postman & REST API Testing,6,Placed
STU0637,Manish Saxena,AI&DS,6,7.52,72.5,65.6,0,Python|Java,Git,,1,1,1,0,0,0,0,3,2,7,1,60,60,58,52,81,75,72,79,0,0,1,QA Engineer,22.5,Needs Training,Java|API Testing|Automation Testing,Java for Test Automation|Postman & REST API Testing|Mastering Test Automation & Frameworks,8,Not Placed
STU0638,Ankit Chawla,CSE,6,9.0,82.4,90.7,0,Python|Java|C++,React|Spring Boot|AWS,,1,2,2,2,2,2,0,4,3,11,1,72,74,70,67,86,80,83,82,4,0,2,Full Stack Developer,80.0,Ready,Advanced interview practice,Advanced Placement Interview Mastery,4,Placed
STU0639,Chaitanya Mehta,CSE,8,5.7,67.2,56.8,0,Java,Git,,0,1,1,0,0,0,0,0,2,3,0,46,47,46,40,75,72,58,69,0,0,0,QA Engineer,6.0,Needs Training,Java|Selenium|API Testing|Automation Testing,Java for Test Automation|Automation Testing with Selenium|Postman & REST API Testing|Mastering Test Automation & Frameworks,10,Not Placed
STU0640,Pranav Thakur,AI&DS,8,8.32,83.0,78.9,0,Python|Java,React|Spring Boot|Pandas,Python Certificate,2,2,2,1,0,1,1,3,3,8,1,70,71,70,66,86,83,82,81,3,1,2,QA Engineer,80.3,Ready,API Testing,Postman & REST API Testing,4,Placed
STU0641,Sahil Joshi,CSE,7,10.0,100.0,96.6,0,Python|Java|C++,React|Spring Boot|Pandas,Python Certificate,3,2,3,2,1,2,1,1,3,9,2,89,91,87,89,93,94,100,92,1,3,2,Data Analyst,97.4,Ready,Power BI,Microsoft Power BI Data Analyst,4,Placed
STU0642,Yash Rao,AI&DS,8,5.83,55.0,59.2,0,Python,Git,Python Certificate,1,0,1,0,0,1,1,0,1,3,0,48,48,45,40,76,70,61,69,0,0,0,QA Engineer,8.0,Needs Training,Java|Selenium|API Testing|Automation Testing,Java for Test Automation|Automation Testing with Selenium|Postman & REST API Testing|Mastering Test Automation & Frameworks,10,Not Placed
STU0643,Karthik Bhat,CSE,7,6.92,67.6,65.6,0,Python|Java|C++,React,Python Certificate,1,1,2,1,1,2,1,3,3,8,1,67,66,65,61,84,77,79,84,3,1,1,DevOps Engineer,60.0,Near Ready,AWS|Python|Docker|Kubernetes,AWS Cloud Practitioner|Python Automation|Docker & Kubernetes Bootcamp|Kubernetes for DevOps,10,Placed
STU0644,Aditya Chowdhury,AI&DS,7,5.9,70.2,66.5,0,Python|Java,React,Python Certificate,1,1,2,1,1,1,1,6,3,9,0,57,59,58,49,80,76,69,79,0,0,0,QA Engineer,60.0,Near Ready,Java|Selenium|API Testing,Java for Test Automation|Automation Testing with Selenium|Postman & REST API Testing,8,Placed
STU0645,Anish Mehta,CSE,5,8.28,86.9,85.0,0,Python|Java,React|Spring Boot|Pandas,Python Certificate|SQL Certificate,2,2,2,2,1,1,2,2,2,8,2,70,71,67,65,85,85,81,82,2,1,2,QA Engineer,80.9,Ready,API Testing|Automation Testing,Postman & REST API Testing|Mastering Test Automation & Frameworks,6,Placed
STU0646,Karan Mehta,EEE,7,6.58,70.3,73.2,0,Python|Java,React,Python Certificate,1,1,0,1,0,1,1,2,2,6,0,65,65,66,59,83,79,77,78,2,0,1,QA Engineer,60.0,Near Ready,Java|API Testing|Automation Testing,Java for Test Automation|Postman & REST API Testing|Mastering Test Automation & Frameworks,8,Placed
STU0647,Anushka Jain,IT,5,6.67,57.8,64.1,0,Python|Java,Git,Python Certificate|SQL Certificate|Cloud Certificate|DSA Certificate,1,1,0,0,1,1,4,2,2,6,0,57,59,54,49,80,73,69,75,1,0,1,QA Engineer,17.3,Needs Training,Java|Selenium|API Testing|Automation Testing,Java for Test Automation|Automation Testing with Selenium|Postman & REST API Testing|Mastering Test Automation & Frameworks,10,Not Placed
STU0648,Pooja Chawla,IT,8,8.21,84.8,84.9,0,Python|Java|C++,React|Spring Boot|Pandas|AWS,,2,2,2,2,2,2,0,5,4,11,1,71,73,71,66,86,84,82,85,1,0,1,QA Engineer,83.8,Ready,API Testing,Postman & REST API Testing,4,Placed
STU0649,Sameer Shetty,ECE,7,9.4,93.7,89.3,0,Python|Java,React|Spring Boot|Pandas,Python Certificate|SQL Certificate|Cloud Certificate|DSA Certificate|Web Development Certificate,2,2,3,2,1,1,6,5,4,12,3,86,88,85,86,92,91,98,89,2,4,2,QA Engineer,97.0,Ready,Advanced interview practice,Advanced Placement Interview Mastery,4,Placed
STU0650,Aarav Saxena,AI&DS,7,7.52,71.0,70.2,0,Python|Java|C++,React,Python Certificate,1,1,2,2,1,2,1,2,2,7,1,62,63,61,56,82,82,74,80,1,1,1,Full Stack Developer,60.0,Near Ready,Java|NodeJS|MongoDB,Java Programming & Spring Boot|Node.js Backend Development|MongoDB Developer Path,8,Placed
STU0651,Shreya Chowdhury,CSE,5,8.33,78.8,82.4,0,Python|Java|C++,React|Spring Boot|Pandas,Python Certificate,2,2,1,2,1,2,1,1,2,8,2,73,74,71,69,87,84,85,87,2,1,1,Full Stack Developer,80.0,Ready,NodeJS|MongoDB,Node.js Backend Development|MongoDB Developer Path,6,Placed
STU0652,Pranav Verma,AI&DS,6,6.85,62.8,68.0,1,Python,React,,1,0,1,1,1,1,0,0,2,4,0,49,53,47,40,77,73,62,73,0,0,1,QA Engineer,13.6,Needs Training,Java|Selenium|API Testing|Automation Testing,Java for Test Automation|Automation Testing with Selenium|Postman & REST API Testing|Mastering Test Automation & Frameworks,10,Not Placed
STU0653,Divya Agarwal,IT,6,6.07,70.9,80.7,1,Python|Java,React,,1,1,1,1,0,1,0,1,2,5,2,53,53,50,44,79,78,66,76,0,0,1,QA Engineer,25.4,Needs Training,Java|Selenium|API Testing|Automation Testing,Java for Test Automation|Automation Testing with Selenium|Postman & REST API Testing|Mastering Test Automation & Frameworks,10,Not Placed
STU0654,Nikhil Kulkarni,IT,6,7.63,78.6,84.2,0,Python|Java,React|Spring Boot|Pandas|AWS,Python Certificate|SQL Certificate,2,2,2,1,2,1,2,2,3,8,1,70,71,68,66,86,81,82,84,1,0,1,Data Analyst,80.0,Ready,Statistics,Statistics for Data Analysis,4,Placed
STU0655,Karthik Mishra,AI&DS,5,8.6,92.3,95.3,0,Python|Java|C++,React|Spring Boot|Pandas,Python Certificate|SQL Certificate|Cloud Certificate|DSA Certificate|Web Development Certificate,3,2,2,2,1,3,5,6,4,14,0,83,82,83,81,91,90,94,93,0,0,1,Full Stack Developer,90.7,Ready,Advanced interview practice,Advanced Placement Interview Mastery,4,Placed
STU0656,Vedant Chowdhury,CSE,8,8.27,66.6,75.2,0,Python|Java|C++,React|Spring Boot,Python Certificate,1,2,2,2,1,2,1,5,3,11,3,69,72,69,64,85,83,81,83,0,0,1,Full Stack Developer,68.8,Near Ready,Advanced interview practice,Advanced Placement Interview Mastery,4,Placed
STU0657,Karthik Verma,CSE,7,7.64,71.2,66.0,1,Python|Java,React|Spring Boot,Python Certificate,1,2,1,2,1,1,1,1,2,5,0,61,64,61,54,82,76,73,77,0,1,1,QA Engineer,60.0,Near Ready,API Testing|Automation Testing,Postman & REST API Testing|Mastering Test Automation & Frameworks,6,Placed
STU0658,Gaurav Iyer,AI&DS,6,7.72,72.4,75.4,2,Python|Java|C++,React,Python Certificate|SQL Certificate|Cloud Certificate,1,1,1,1,1,2,3,1,3,6,0,65,64,62,59,83,78,77,81,0,1,1,QA Engineer,60.0,Near Ready,Java|API Testing,Java for Test Automation|Postman & REST API Testing,6,Placed
STU0659,Siddharth Singh,IT,6,6.84,66.7,64.4,0,Python|Java,Git,,1,1,1,0,0,0,0,1,2,5,0,50,52,45,40,77,75,62,73,0,0,0,QA Engineer,14.7,Needs Training,Java|Selenium|API Testing|Automation Testing,Java for Test Automation|Automation Testing with Selenium|Postman & REST API Testing|Mastering Test Automation & Frameworks,10,Not Placed
STU0660,Khushi Chowdhury,IT,7,7.52,80.1,74.0,0,Python|Java|C++,React|Pandas,Python Certificate|SQL Certificate,2,1,2,1,1,2,2,3,3,9,0,72,74,70,68,86,83,84,84,1,0,1,Data Analyst,67.2,Near Ready,Statistics,Statistics for Data Analysis,4,Placed
STU0661,Abhinav Mishra,AI&DS,7,9.22,89.0,81.9,0,Python|Java|C++,React|Pandas|AWS,Python Certificate|SQL Certificate|Cloud Certificate|DSA Certificate|Web Development Certificate,2,1,2,2,2,3,5,2,3,9,0,75,80,74,72,88,88,87,84,1,1,1,QA Engineer,88.0,Ready,Java,Java for Test Automation,4,Placed
STU0662,Anushka Sharma,Mechanical,7,7.81,65.1,73.3,0,Python|Java,Git,Python Certificate,1,1,1,0,1,0,1,1,1,5,0,59,59,53,52,81,76,71,79,1,1,1,QA Engineer,60.0,Near Ready,Java|Selenium|API Testing|Automation Testing,Java for Test Automation|Automation Testing with Selenium|Postman & REST API Testing|Mastering Test Automation & Frameworks,10,Placed
STU0663,Vedant Kulkarni,IT,8,7.4,74.5,72.9,0,Python|Java,React|Pandas,Python Certificate|SQL Certificate,2,1,1,1,1,1,2,1,2,5,1,59,60,59,52,81,79,71,79,1,0,0,QA Engineer,60.0,Near Ready,Java|Selenium|API Testing|Automation Testing,Java for Test Automation|Automation Testing with Selenium|Postman & REST API Testing|Mastering Test Automation & Frameworks,10,Placed
STU0664,Isha Thakur,CSE,7,8.66,82.9,80.4,0,Python|Java|C++,React|Spring Boot,,1,2,2,1,0,2,0,2,2,7,2,68,70,65,63,85,82,80,86,1,0,1,Full Stack Developer,60.0,Near Ready,React|NodeJS|MongoDB,Meta Front-End Development|Node.js Backend Development|MongoDB Developer Path,8,Placed
STU0665,Chaitanya Joshi,CSE,8,6.23,83.8,72.8,0,Python|Java,React,Python Certificate|SQL Certificate,1,1,2,1,1,1,2,1,2,6,2,59,62,57,52,81,79,71,74,0,0,0,QA Engineer,60.0,Near Ready,Java|Selenium|API Testing|Automation Testing,Java for Test Automation|Automation Testing with Selenium|Postman & REST API Testing|Mastering Test Automation & Frameworks,10,Placed
STU0666,Siddharth Sharma,CSE,8,7.17,75.1,71.4,0,Python|Java,React|Spring Boot|Pandas,Python Certificate|SQL Certificate,3,2,1,2,1,1,2,0,2,4,0,64,64,63,58,83,83,76,79,3,3,2,QA Engineer,60.0,Near Ready,API Testing|Automation Testing,Postman & REST API Testing|Mastering Test Automation & Frameworks,6,Placed
STU0667,Siddharth Das,CSE,6,9.23,96.4,90.8,0,Python|Java|C++,React|Spring Boot|Pandas,Python Certificate|SQL Certificate|Cloud Certificate,2,3,3,2,1,3,3,4,4,12,2,90,94,94,90,94,94,100,93,4,1,3,Full Stack Developer,97.4,Ready,Advanced interview practice,Advanced Placement Interview Mastery,4,Placed
STU0668,Anish Nair,CSE,8,7.61,67.0,65.6,0,Python|Java|C++,React,,1,1,2,1,1,2,0,1,2,5,0,62,65,64,55,82,77,74,78,0,1,0,QA Engineer,60.0,Near Ready,Java|API Testing|Automation Testing,Java for Test Automation|Postman & REST API Testing|Mastering Test Automation & Frameworks,8,Placed
STU0669,Anushka Chowdhury,CSE,5,6.62,63.2,82.5,1,Python,Pandas,Python Certificate|SQL Certificate,2,0,1,0,1,1,2,4,3,9,1,60,60,62,53,82,81,73,78,0,0,1,Data Analyst,26.4,Needs Training,SQL|Statistics,SQL & Database Fundamentals|Statistics for Data Analysis,6,Not Placed
STU0670,Anushka Pandey,CSE,8,7.23,77.0,69.3,0,Python,React,,1,0,1,1,1,0,0,2,3,7,1,57,60,56,49,80,69,69,75,1,1,1,QA Engineer,60.0,Near Ready,Java|Selenium|API Testing,Java for Test Automation|Automation Testing with Selenium|Postman & REST API Testing,8,Placed
STU0671,Bhavya Mishra,CSE,6,8.93,83.9,80.3,0,Python|Java|C++,React|Spring Boot|Pandas,Python Certificate|SQL Certificate,2,2,2,1,1,2,2,1,2,7,1,74,76,70,70,87,86,85,87,3,1,1,Data Analyst,80.0,Ready,Advanced interview practice,Advanced Placement Interview Mastery,4,Placed
STU0672,Aiswarya Joshi,EEE,8,7.67,82.4,67.8,0,Python|Java,Git,Python Certificate,1,1,1,0,1,0,1,3,3,8,0,63,60,62,56,82,78,74,78,2,0,1,DevOps Engineer,17.4,Needs Training,AWS|Python|Docker|Kubernetes,AWS Cloud Practitioner|Python Automation|Docker & Kubernetes Bootcamp|Kubernetes for DevOps,10,Not Placed
STU0673,Sameer Thakur,CSE,8,6.99,65.9,86.8,0,Python|Java,Spring Boot,Python Certificate|SQL Certificate,1,2,1,0,1,1,2,2,2,6,0,57,62,59,49,80,78,69,74,0,1,0,QA Engineer,60.0,Near Ready,Selenium|API Testing|Automation Testing,Automation Testing with Selenium|Postman & REST API Testing|Mastering Test Automation & Frameworks,8,Placed
STU0674,Kavya Das,AI&DS,8,8.33,91.2,80.5,0,Python|Java|C++,React|Spring Boot|Pandas|AWS,Python Certificate|SQL Certificate,3,2,3,2,2,3,2,0,2,6,1,81,85,81,78,90,94,92,89,2,0,1,Data Analyst,88.7,Ready,Advanced interview practice,Advanced Placement Interview Mastery,4,Placed
STU0675,Riya Mishra,AI&DS,7,8.5,98.7,85.2,0,Python|Java|C++,React|Spring Boot|Pandas|AWS,,3,2,3,3,2,3,0,2,2,9,3,82,81,80,80,90,88,93,89,2,0,2,Data Analyst,95.8,Ready,Power BI,Microsoft Power BI Data Analyst,4,Placed
STU0676,Isha Chowdhury,Mechanical,6,7.52,75.3,72.1,0,Python|Java,React,Python Certificate,1,1,0,1,1,1,1,3,2,8,2,58,61,58,50,80,76,70,75,0,0,1,QA Engineer,60.0,Near Ready,Java|Selenium|API Testing|Automation Testing,Java for Test Automation|Automation Testing with Selenium|Postman & REST API Testing|Mastering Test Automation & Frameworks,10,Placed
STU0677,Siddharth Singh,CSE,5,6.02,64.5,61.8,2,Python,Git,,0,0,0,0,0,0,0,2,1,4,0,42,46,47,40,74,72,55,72,0,0,1,QA Engineer,5.0,Needs Training,Java|Selenium|API Testing|Automation Testing,Java for Test Automation|Automation Testing with Selenium|Postman & REST API Testing|Mastering Test Automation & Frameworks,10,Not Placed
STU0678,Nishant Reddy,AI&DS,7,8.49,86.1,89.8,0,Python|Java|C++,React|Spring Boot|Pandas|AWS,Python Certificate|SQL Certificate,2,3,2,2,2,2,2,6,4,13,3,77,76,81,74,88,86,88,86,4,1,2,QA Engineer,95.4,Ready,Advanced interview practice,Advanced Placement Interview Mastery,4,Placed
STU0679,Utkarsh Agarwal,Mechanical,6,6.61,64.7,79.7,0,Python,React,Python Certificate|SQL Certificate|Cloud Certificate,0,0,0,1,0,1,3,2,2,5,1,57,59,57,48,80,80,69,74,0,0,0,QA Engineer,26.1,Needs Training,Java|Selenium|API Testing|Automation Testing,Java for Test Automation|Automation Testing with Selenium|Postman & REST API Testing|Mastering Test Automation & Frameworks,10,Not Placed
STU0680,Ishaan Dutta,ECE,7,7.28,91.1,85.2,0,Python|Java,React|Pandas|AWS,Python Certificate|SQL Certificate|Cloud Certificate|DSA Certificate|Web Development Certificate,2,1,2,1,2,1,5,1,2,7,1,74,76,71,70,87,88,86,83,1,2,2,QA Engineer,80.0,Ready,Java|Automation Testing,Java for Test Automation|Mastering Test Automation & Frameworks,6,Placed
STU0681,Arjun Chawla,ECE,6,5.0,59.2,50.9,1,Python,React,,0,0,0,1,0,0,0,1,1,2,0,41,42,41,40,73,70,53,68,0,0,0,QA Engineer,5.0,Needs Training,Java|Selenium|API Testing|Automation Testing,Java for Test Automation|Automation Testing with Selenium|Postman & REST API Testing|Mastering Test Automation & Frameworks,10,Not Placed
STU0682,Ananya Iyer,CSE,8,9.35,87.7,81.5,0,Python|Java|C++,React|Spring Boot|Pandas,Python Certificate|SQL Certificate,2,2,3,2,0,2,2,3,3,10,0,75,76,76,72,88,87,87,85,2,2,2,Full Stack Developer,90.0,Ready,NodeJS|MongoDB,Node.js Backend Development|MongoDB Developer Path,6,Placed
STU0683,Rishabh Pillai,CSE,7,5.65,60.5,65.9,1,Python,React,,1,0,1,1,1,0,0,3,2,6,0,50,52,47,40,77,74,62,75,0,1,1,QA Engineer,11.6,Needs Training,Java|Selenium|API Testing|Automation Testing,Java for Test Automation|Automation Testing with Selenium|Postman & REST API Testing|Mastering Test Automation & Frameworks,10,Not Placed
STU0684,Pranav Mehta,IT,8,8.33,77.9,94.0,1,Python|Java|C++,React|Spring Boot|Pandas,Python Certificate|SQL Certificate,2,2,2,1,1,2,2,1,2,7,1,73,73,75,70,87,86,85,84,2,1,2,QA Engineer,80.0,Ready,Automation Testing,Mastering Test Automation & Frameworks,4,Placed
STU0685,Sameer Iyer,EEE,5,8.02,85.3,66.7,0,Python,React,,1,0,1,1,0,1,0,2,2,6,0,65,66,64,59,83,85,77,82,3,0,1,QA Engineer,60.0,Near Ready,Java|API Testing|Automation Testing,Java for Test Automation|Postman & REST API Testing|Mastering Test Automation & Frameworks,8,Placed
STU0686,Aarav Joshi,IT,8,5.92,68.6,73.6,0,Python,React,,1,0,1,1,1,1,0,2,2,5,0,53,53,50,44,79,73,66,72,0,0,0,QA Engineer,12.9,Needs Training,Java|Selenium|API Testing|Automation Testing,Java for Test Automation|Automation Testing with Selenium|Postman & REST API Testing|Mastering Test Automation & Frameworks,10,Not Placed
STU0687,Deepak Joshi,IT,8,7.19,82.0,72.4,0,Python|Java,React,Python Certificate|SQL Certificate,1,1,1,1,1,1,2,2,3,7,2,60,64,60,52,81,75,72,77,0,0,0,QA Engineer,60.0,Near Ready,Java|API Testing,Java for Test Automation|Postman & REST API Testing,6,Placed
STU0688,Tanvi Deshmukh,CSE,7,8.66,83.1,86.2,0,Python|Java,React|Spring Boot|Pandas,Python Certificate,2,2,3,2,1,1,1,2,3,9,1,73,73,68,69,87,87,85,86,1,2,2,QA Engineer,80.0,Ready,API Testing,Postman & REST API Testing,4,Placed
STU0689,Yash Mishra,ECE,7,7.61,69.6,75.3,0,Python|Java,React,Python Certificate|SQL Certificate,1,1,0,1,0,1,2,1,1,6,2,66,64,66,60,84,81,78,81,4,0,1,QA Engineer,60.0,Near Ready,Java|API Testing|Automation Testing,Java for Test Automation|Postman & REST API Testing|Mastering Test Automation & Frameworks,8,Placed
STU0690,Bhavya Chowdhury,CSE,7,9.52,87.1,75.2,0,Python|Java|C++,React|Spring Boot|Pandas,Python Certificate|SQL Certificate,2,2,2,2,1,2,2,3,3,10,1,72,73,71,67,86,88,83,85,3,0,2,QA Engineer,81.1,Ready,API Testing,Postman & REST API Testing,4,Placed
STU0691,Shreya Mishra,AI&DS,6,8.64,90.9,97.3,0,Python|Java|C++,React|Spring Boot|Pandas|AWS,Python Certificate|SQL Certificate|Cloud Certificate|DSA Certificate,3,3,3,2,2,3,4,7,5,16,1,88,90,90,88,93,91,100,95,5,1,2,Full Stack Developer,96.7,Ready,Advanced interview practice,Advanced Placement Interview Mastery,4,Placed
STU0692,Neha Mehta,AI&DS,7,6.47,69.0,64.8,0,Python|Java,React,,1,1,1,1,1,0,0,0,2,3,0,46,49,47,40,75,72,58,69,0,0,0,QA Engineer,12.6,Needs Training,Java|Selenium|API Testing|Automation Testing,Java for Test Automation|Automation Testing with Selenium|Postman & REST API Testing|Mastering Test Automation & Frameworks,10,Not Placed
STU0693,Siddharth Jain,AI&DS,6,9.03,91.1,95.4,0,Python|Java|C++,React|Spring Boot|Pandas|AWS,Python Certificate,2,2,3,2,2,2,1,4,3,11,3,84,87,82,83,91,87,95,90,1,1,2,QA Engineer,93.0,Ready,Advanced interview practice,Advanced Placement Interview Mastery,4,Placed
STU0694,Shreya Rao,CSE,5,7.99,71.1,75.9,0,Python|Java|C++,React|Spring Boot,Python Certificate|SQL Certificate,1,2,2,1,1,2,2,3,2,9,0,66,66,63,60,84,79,78,80,0,0,0,QA Engineer,60.0,Near Ready,API Testing|Automation Testing,Postman & REST API Testing|Mastering Test Automation & Frameworks,6,Placed
STU0695,Rohan Kapoor,CSE,6,6.82,71.6,63.3,0,Python|Java,React,Python Certificate,1,1,2,1,0,0,1,2,2,5,0,54,53,51,45,79,76,66,71,1,1,1,QA Engineer,22.3,Needs Training,Java|Selenium|API Testing|Automation Testing,Java for Test Automation|Automation Testing with Selenium|Postman & REST API Testing|Mastering Test Automation & Frameworks,10,Not Placed
STU0696,Manish Chawla,IT,5,5.8,78.3,53.7,0,Python,Git,,0,0,1,0,0,0,0,2,2,5,0,49,53,45,40,77,70,61,72,1,0,1,QA Engineer,5.9,Needs Training,Java|Selenium|API Testing|Automation Testing,Java for Test Automation|Automation Testing with Selenium|Postman & REST API Testing|Mastering Test Automation & Frameworks,10,Not Placed
STU0697,Divya Thakur,CSE,5,7.43,79.0,78.2,0,Python|Java,React,Python Certificate|SQL Certificate,1,1,3,1,1,1,2,7,4,12,0,62,66,65,56,82,79,74,79,0,2,1,Full Stack Developer,60.0,Near Ready,React|Java|DSA,Meta Front-End Development|Java Programming & Spring Boot|Data Structures & Algorithms,8,Placed
STU0698,Isha Deshmukh,IT,5,7.49,85.1,85.8,0,Python|Java|C++,React|Pandas,Python Certificate|SQL Certificate,3,1,2,1,0,2,2,3,3,8,3,76,81,79,72,88,87,87,84,2,3,2,Data Analyst,86.3,Ready,Advanced interview practice,Advanced Placement Interview Mastery,4,Placed
STU0699,Nishant Nair,CSE,8,7.67,82.4,68.1,0,Python|Java|C++,React|Pandas,Python Certificate,2,1,2,1,1,2,1,1,2,6,0,63,63,63,57,83,80,75,80,1,1,1,QA Engineer,60.0,Near Ready,Java|API Testing|Automation Testing,Java for Test Automation|Postman & REST API Testing|Mastering Test Automation & Frameworks,8,Placed
STU0700,Rishabh Das,AI&DS,7,9.16,91.1,85.4,0,Python|Java|C++,React|Spring Boot|Pandas,Python Certificate|SQL Certificate,2,2,2,2,1,2,2,4,3,10,3,83,85,80,81,91,92,94,94,4,0,2,QA Engineer,93.4,Ready,Advanced interview practice,Advanced Placement Interview Mastery,4,Placed
STU0701,Aditya Mehta,AI&DS,8,6.37,67.4,59.1,0,Python,Git,,1,0,2,0,0,0,0,0,1,2,0,47,50,40,40,76,73,60,66,0,0,1,Data Analyst,6.4,Needs Training,Python|Statistics|Power BI,Python for Data Analysis|Statistics for Data Analysis|Microsoft Power BI Data Analyst,8,Not Placed
STU0702,Ishaan Mishra,CSE,7,8.02,72.4,66.0,1,Python|Java,React,Python Certificate,1,1,2,2,0,1,1,1,2,6,1,65,67,61,58,83,77,76,80,3,0,1,QA Engineer,60.0,Near Ready,Java|API Testing|Automation Testing,Java for Test Automation|Postman & REST API Testing|Mastering Test Automation & Frameworks,8,Placed
STU0703,Aiswarya Kapoor,AI&DS,6,6.43,69.2,58.8,2,Python,React,,0,0,1,1,1,1,0,1,2,4,0,50,51,47,40,77,72,62,74,0,0,0,QA Engineer,8.0,Needs Training,Java|Selenium|API Testing|Automation Testing,Java for Test Automation|Automation Testing with Selenium|Postman & REST API Testing|Mastering Test Automation & Frameworks,10,Not Placed
STU0704,Nishant Rao,CSE,7,7.94,86.1,71.5,0,Python|Java,React|Pandas|AWS,Python Certificate|SQL Certificate|Cloud Certificate|DSA Certificate|Web Development Certificate,2,1,3,1,2,1,5,2,2,7,1,69,70,71,64,85,81,81,82,1,2,2,Data Analyst,67.8,Near Ready,Statistics,Statistics for Data Analysis,4,Placed
STU0705,Yash Pillai,CSE,7,7.95,80.9,80.5,0,Python|Java,React|Spring Boot|Pandas|AWS,Python Certificate|SQL Certificate|Cloud Certificate,2,2,2,1,2,1,3,4,3,11,0,75,76,73,72,88,81,87,88,2,2,1,QA Engineer,80.0,Ready,Advanced interview practice,Advanced Placement Interview Mastery,4,Placed
STU0706,Vikas Singh,Mechanical,5,6.72,81.8,66.8,1,Python|Java,Git,Python Certificate,1,1,2,0,0,0,1,1,2,6,0,60,58,60,52,81,77,72,78,0,0,1,Data Analyst,17.1,Needs Training,Python|Statistics|Power BI,Python for Data Analysis|Statistics for Data Analysis|Microsoft Power BI Data Analyst,8,Not Placed
STU0707,Sahil Verma,AI&DS,7,5.49,56.7,50.0,1,Python,React,,0,0,1,1,0,1,0,1,2,3,0,40,42,41,40,70,64,46,63,0,0,0,QA Engineer,5.0,Needs Training,Java|Selenium|API Testing|Automation Testing,Java for Test Automation|Automation Testing with Selenium|Postman & REST API Testing|Mastering Test Automation & Frameworks,10,Not Placed
STU0708,Arjun Agarwal,ECE,6,8.42,75.2,88.9,0,Python|Java,React,Python Certificate|SQL Certificate,1,1,2,2,0,0,2,2,2,8,0,67,72,64,62,84,82,79,83,3,1,2,Data Analyst,60.0,Near Ready,Python|Statistics,Python for Data Analysis|Statistics for Data Analysis,6,Placed
STU0709,Tanvi Mehta,CSE,7,7.82,86.5,86.4,0,Python|Java|C++,React|Spring Boot|Pandas,Python Certificate|SQL Certificate|Cloud Certificate|DSA Certificate,2,2,2,2,1,2,4,1,1,8,0,70,72,63,65,85,83,82,81,1,0,1,Data Analyst,70.8,Near Ready,Statistics,Statistics for Data Analysis,4,Placed
STU0710,Ankit Chawla,IT,7,7.93,79.8,74.0,0,Python|Java|C++,React|Pandas,Python Certificate|SQL Certificate|Cloud Certificate,2,1,2,1,1,2,3,3,3,9,1,70,75,68,65,85,80,81,86,3,0,1,Full Stack Developer,60.0,Near Ready,React|Java|NodeJS|MongoDB,Meta Front-End Development|Java Programming & Spring Boot|Node.js Backend Development|MongoDB Developer Path,10,Placed
STU0711,Rahul Kumar,ECE,6,8.28,91.7,87.8,0,Python|Java,React|Spring Boot|Pandas,,2,2,2,1,0,1,0,5,3,11,1,80,76,84,77,89,90,91,86,1,2,2,QA Engineer,83.8,Ready,Advanced interview practice,Advanced Placement Interview Mastery,4,Placed
STU0712,Sanjay Kapoor,IT,5,7.02,68.0,67.9,0,Python,React,,1,0,0,1,0,1,0,3,3,7,0,52,60,51,43,78,75,64,70,0,0,0,QA Engineer,19.2,Needs Training,Java|Selenium|API Testing,Java for Test Automation|Automation Testing with Selenium|Postman & REST API Testing,8,Not Placed
STU0713,Rohan Sharma,AI&DS,7,8.51,83.1,88.3,0,Python|Java|C++,React|Pandas,Python Certificate|SQL Certificate|Cloud Certificate,2,1,2,2,1,2,3,4,3,10,2,73,73,75,69,87,85,85,87,2,2,2,QA Engineer,88.6,Ready,Java|API Testing,Java for Test Automation|Postman & REST API Testing,6,Placed
STU0714,Deepak Singh,AI&DS,7,9.66,90.0,80.8,0,Python|Java|C++,React|Spring Boot|Pandas,Python Certificate|SQL Certificate|Cloud Certificate|DSA Certificate|Web Development Certificate,2,2,3,1,1,2,6,3,3,10,2,79,80,78,76,89,89,90,90,2,2,3,Data Analyst,90.3,Ready,Advanced interview practice,Advanced Placement Interview Mastery,4,Placed
STU0715,Pranav Chawla,AI&DS,5,5.28,65.2,65.5,1,Python,Git,,1,0,0,0,1,0,0,0,1,3,0,43,42,45,40,74,69,56,68,0,0,0,QA Engineer,5.0,Needs Training,Java|Selenium|API Testing|Automation Testing,Java for Test Automation|Automation Testing with Selenium|Postman & REST API Testing|Mastering Test Automation & Frameworks,10,Not Placed
STU0716,Vikas Singh,EEE,8,7.63,70.6,74.6,0,Java,React,Python Certificate|SQL Certificate|Cloud Certificate,0,1,2,1,1,1,3,6,4,11,2,69,73,72,63,85,82,80,82,1,1,1,Full Stack Developer,60.0,Near Ready,React|Java|DSA,Meta Front-End Development|Java Programming & Spring Boot|Data Structures & Algorithms,8,Placed
STU0717,Ananya Mishra,ECE,5,7.11,68.4,62.4,0,Python,Git,Python Certificate|SQL Certificate|Cloud Certificate,1,0,1,0,0,1,3,0,2,4,0,59,62,53,51,81,76,71,75,0,1,1,QA Engineer,20.2,Needs Training,Java|Selenium|API Testing|Automation Testing,Java for Test Automation|Automation Testing with Selenium|Postman & REST API Testing|Mastering Test Automation & Frameworks,10,Not Placed
STU0718,Karan Mehta,Mechanical,7,7.74,82.0,78.6,0,Python|Java,React,Python Certificate|SQL Certificate,1,1,0,1,1,0,2,2,2,7,1,64,65,59,57,83,78,76,80,0,0,1,QA Engineer,60.0,Near Ready,Java|API Testing|Automation Testing,Java for Test Automation|Postman & REST API Testing|Mastering Test Automation & Frameworks,8,Placed
STU0719,Varun Thakur,CSE,8,7.74,80.1,85.9,0,Python|Java|C++,React|Pandas,Python Certificate|SQL Certificate|Cloud Certificate,2,1,1,2,1,2,3,2,2,7,1,69,74,68,64,85,83,81,85,2,2,2,QA Engineer,65.2,Near Ready,Java|API Testing|Automation Testing,Java for Test Automation|Postman & REST API Testing|Mastering Test Automation & Frameworks,8,Placed
STU0720,Pooja Pandey,IT,6,6.58,71.5,86.1,1,Python|Java,React,,1,1,2,1,1,1,0,1,2,5,2,59,62,53,51,81,75,71,78,0,0,0,QA Engineer,25.1,Needs Training,Java|Selenium|API Testing|Automation Testing,Java for Test Automation|Automation Testing with Selenium|Postman & REST API Testing|Mastering Test Automation & Frameworks,10,Not Placed
STU0721,Anish Chawla,EEE,5,7.26,65.8,61.7,1,Python|Java,Spring Boot,Python Certificate,1,2,1,0,0,1,1,2,2,6,0,57,54,57,48,80,73,69,74,0,0,1,QA Engineer,21.4,Needs Training,Selenium|API Testing|Automation Testing,Automation Testing with Selenium|Postman & REST API Testing|Mastering Test Automation & Frameworks,8,Not Placed
STU0722,Meera Chawla,CSE,5,7.89,72.9,79.5,0,Python|Java,React|Pandas,Python Certificate|SQL Certificate|Cloud Certificate,2,1,1,1,1,1,3,4,3,9,0,65,70,65,59,83,83,77,79,1,1,1,Data Analyst,60.0,Near Ready,SQL|Statistics,SQL & Database Fundamentals|Statistics for Data Analysis,6,Placed
STU0723,Zoya Chawla,CSE,6,5.95,59.2,62.8,0,Python,Pandas,Python Certificate|SQL Certificate,2,0,1,0,0,1,2,1,2,3,0,52,54,47,42,78,77,64,72,0,0,0,Data Analyst,8.7,Needs Training,SQL|Statistics,SQL & Database Fundamentals|Statistics for Data Analysis,6,Not Placed
STU0724,Shreya Rao,IT,5,7.09,68.8,69.9,1,Python,React,,1,0,1,1,1,0,0,0,1,3,0,52,51,51,42,78,78,64,71,0,0,0,QA Engineer,15.7,Needs Training,Java|Selenium|API Testing|Automation Testing,Java for Test Automation|Automation Testing with Selenium|Postman & REST API Testing|Mastering Test Automation & Frameworks,10,Not Placed
STU0725,Manish Pandey,IT,7,8.76,80.4,72.3,0,Python|Java,React|Pandas|AWS,Python Certificate,2,1,2,2,2,1,1,8,5,14,2,73,74,72,69,87,87,85,82,2,2,1,DevOps Engineer,80.0,Ready,Advanced interview practice,Advanced Placement Interview Mastery,4,Placed
STU0726,Aiswarya Dutta,ECE,5,6.42,64.0,57.1,1,Python,React,Python Certificate|SQL Certificate|Cloud Certificate,0,0,0,1,0,1,3,0,2,3,0,51,53,52,41,78,74,63,70,0,0,0,QA Engineer,10.4,Needs Training,Java|Selenium|API Testing|Automation Testing,Java for Test Automation|Automation Testing with Selenium|Postman & REST API Testing|Mastering Test Automation & Frameworks,10,Not Placed
STU0727,Karthik Mishra,CSE,7,8.21,83.0,76.3,0,Python|Java|C++,React|Spring Boot|Pandas|AWS,Python Certificate|SQL Certificate,2,2,3,2,2,2,2,2,3,9,1,73,75,76,69,87,82,85,83,1,1,0,Data Analyst,85.0,Ready,Advanced interview practice,Advanced Placement Interview Mastery,4,Placed
STU0728,Shreya Verma,ECE,8,8.24,83.5,79.6,1,Python|C++,Git,Python Certificate|SQL Certificate|Cloud Certificate|DSA Certificate|Web Development Certificate,1,0,1,0,1,2,6,4,3,9,1,70,71,67,66,86,84,82,83,3,0,1,QA Engineer,63.2,Near Ready,Java|API Testing,Java for Test Automation|Postman & REST API Testing,6,Placed
STU0729,Varun Gupta,CSE,8,5.34,74.7,55.6,0,Python,Git,Python Certificate,0,0,0,0,0,0,1,2,2,5,0,44,44,44,40,75,74,57,65,0,0,0,QA Engineer,6.5,Needs Training,Java|Selenium|API Testing|Automation Testing,Java for Test Automation|Automation Testing with Selenium|Postman & REST API Testing|Mastering Test Automation & Frameworks,10,Not Placed
STU0730,Isha Pandey,CSE,7,6.84,65.0,72.9,0,Python|Java,React|Pandas,,2,1,2,1,0,0,0,2,2,7,1,57,58,54,48,80,75,69,73,0,0,0,Data Analyst,22.1,Needs Training,Statistics|Power BI,Statistics for Data Analysis|Microsoft Power BI Data Analyst,6,Not Placed
STU0731,Zoya Kapoor,CSE,6,7.62,93.3,91.9,0,Python|Java|C++,React|Spring Boot|Pandas,,3,3,3,2,1,3,0,5,3,11,2,79,80,81,77,89,86,90,88,2,1,1,Full Stack Developer,94.2,Ready,Advanced interview practice,Advanced Placement Interview Mastery,4,Placed
STU0732,Khushi Nair,ECE,7,6.96,75.0,69.8,0,Python,Git,Python Certificate,1,0,1,0,1,0,1,0,1,3,0,53,53,60,44,78,70,65,70,0,0,0,QA Engineer,12.2,Needs Training,Java|Selenium|API Testing|Automation Testing,Java for Test Automation|Automation Testing with Selenium|Postman & REST API Testing|Mastering Test Automation & Frameworks,10,Not Placed
STU0733,Ishaan Gupta,IT,7,6.25,70.4,80.5,0,Python|Java,React,Python Certificate,1,1,0,1,0,0,1,1,2,5,0,59,59,59,52,81,79,71,75,1,3,2,QA Engineer,21.6,Needs Training,Java|Selenium|API Testing|Automation Testing,Java for Test Automation|Automation Testing with Selenium|Postman & REST API Testing|Mastering Test Automation & Frameworks,10,Not Placed
STU0734,Priya Kumar,AI&DS,7,8.71,82.7,81.7,0,Python|Java,React|Spring Boot|Pandas|AWS,Python Certificate|SQL Certificate|Cloud Certificate,2,2,3,1,2,1,3,4,3,11,1,70,71,69,66,86,83,82,86,1,1,2,Data Analyst,82.4,Ready,Statistics,Statistics for Data Analysis,4,Placed
STU0735,Karthik Pandey,AI&DS,5,8.12,82.0,74.7,0,Python|Java,React|Spring Boot|Pandas,Python Certificate,3,2,2,1,1,1,1,7,4,13,2,74,74,72,70,87,85,86,84,2,0,1,Data Analyst,80.0,Ready,Statistics|Power BI,Statistics for Data Analysis|Microsoft Power BI Data Analyst,6,Placed
STU0736,Aiswarya Chawla,EEE,8,7.14,76.9,80.9,2,Python,Pandas,,2,0,0,0,0,0,0,1,2,5,1,62,61,59,55,82,77,74,78,0,0,0,Data Analyst,19.6,Needs Training,SQL|Statistics|Power BI,SQL & Database Fundamentals|Statistics for Data Analysis|Microsoft Power BI Data Analyst,8,Not Placed
STU0737,Ankit Chowdhury,AI&DS,7,6.59,80.8,66.0,0,Java,React,Python Certificate|SQL Certificate,0,1,1,2,1,0,2,2,2,6,0,58,62,59,50,80,74,70,75,2,0,0,QA Engineer,60.0,Near Ready,Java|Selenium|API Testing|Automation Testing,Java for Test Automation|Automation Testing with Selenium|Postman & REST API Testing|Mastering Test Automation & Frameworks,10,Placed
STU0738,Chaitanya Thakur,ECE,6,8.78,92.4,93.3,1,Python|Java,React|Spring Boot|Pandas,Python Certificate|SQL Certificate|Cloud Certificate,2,2,2,1,1,1,3,4,3,12,2,82,81,84,80,90,92,93,88,4,0,2,QA Engineer,91.9,Ready,Advanced interview practice,Advanced Placement Interview Mastery,4,Placed
STU0739,Kunal Dutta,AI&DS,6,9.95,94.5,100.0,0,Python|Java|C++,React|Spring Boot|Pandas|AWS,Python Certificate|SQL Certificate,3,3,3,2,2,3,2,5,4,13,2,86,90,89,85,92,91,97,96,1,2,2,DevOps Engineer,96.3,Ready,Advanced interview practice,Advanced Placement Interview Mastery,4,Placed
STU0740,Aditi Verma,AI&DS,7,7.23,83.7,86.5,1,Python|Java|C++,React|Spring Boot|Pandas,,2,2,2,2,0,2,0,2,3,7,1,76,80,74,73,88,86,88,84,2,0,1,QA Engineer,68.9,Near Ready,Advanced interview practice,Advanced Placement Interview Mastery,4,Placed
STU0741,Manish Pillai,AI&DS,8,8.22,71.3,66.8,0,Python|Java|C++,React|Pandas,Python Certificate,2,1,2,1,1,2,1,1,2,5,0,66,70,60,60,84,82,78,79,2,0,1,QA Engineer,60.0,Near Ready,Java|API Testing|Automation Testing,Java for Test Automation|Postman & REST API Testing|Mastering Test Automation & Frameworks,8,Placed
STU0742,Akash Joshi,AI&DS,7,6.86,70.5,62.2,1,Python|Java,React,,1,1,1,1,1,1,0,1,2,6,1,55,53,49,46,79,77,67,70,0,1,1,QA Engineer,19.9,Needs Training,Java|Selenium|API Testing|Automation Testing,Java for Test Automation|Automation Testing with Selenium|Postman & REST API Testing|Mastering Test Automation & Frameworks,10,Not Placed
STU0743,Neha Shah,IT,7,6.07,77.4,75.5,0,Python|C++,Pandas,,2,0,0,0,0,2,0,3,2,6,0,55,58,48,46,79,76,67,76,1,0,1,Data Analyst,13.8,Needs Training,SQL|Statistics|Power BI,SQL & Database Fundamentals|Statistics for Data Analysis|Microsoft Power BI Data Analyst,8,Not Placed
STU0744,Priya Singh,AI&DS,5,7.48,74.5,78.7,0,Python|Java|C++,React|Pandas,Python Certificate,2,1,2,2,1,3,1,2,2,7,0,71,69,71,66,86,81,83,84,0,0,1,Full Stack Developer,60.0,Near Ready,Java|NodeJS|MongoDB,Java Programming & Spring Boot|Node.js Backend Development|MongoDB Developer Path,8,Placed
STU0745,Isha Agarwal,CSE,7,8.76,76.1,79.2,0,Python|Java|C++,React|Spring Boot|Pandas,Python Certificate,2,2,2,2,1,3,1,3,3,9,3,70,70,70,65,85,82,81,82,2,1,1,Full Stack Developer,81.8,Ready,NodeJS|MongoDB,Node.js Backend Development|MongoDB Developer Path,6,Placed
STU0746,Pranav Deshmukh,EEE,7,8.43,89.8,92.2,0,Python|Java|C++,React|Spring Boot|Pandas|AWS,Python Certificate|SQL Certificate,2,2,2,1,2,2,2,3,3,11,1,82,85,82,80,90,95,93,90,2,1,2,QA Engineer,92.6,Ready,Advanced interview practice,Advanced Placement Interview Mastery,4,Placed
STU0747,Zoya Pillai,AI&DS,5,7.57,78.3,85.0,0,Python|Java|C++,React|Spring Boot|Pandas|AWS,,2,2,3,3,2,3,0,5,4,12,1,73,77,71,68,87,86,84,85,2,1,1,Full Stack Developer,87.5,Ready,Advanced interview practice,Advanced Placement Interview Mastery,4,Placed
STU0748,Dev Patel,AI&DS,6,6.57,62.0,63.1,1,Java,Git,,0,1,1,0,0,0,0,2,2,5,0,47,50,48,40,76,72,59,68,0,0,0,QA Engineer,8.3,Needs Training,Java|Selenium|API Testing|Automation Testing,Java for Test Automation|Automation Testing with Selenium|Postman & REST API Testing|Mastering Test Automation & Frameworks,10,Not Placed
STU0749,Dev Gupta,EEE,7,8.72,84.3,83.2,0,Python|Java|C++,React|Pandas,Python Certificate,2,1,1,2,1,2,1,3,3,9,3,77,76,82,74,89,87,89,88,2,1,2,QA Engineer,86.6,Ready,Java,Java for Test Automation,4,Placed
STU0750,Varun Chawla,IT,5,6.03,63.2,64.1,1,Python|Java,React,,1,1,1,1,0,0,0,4,3,7,0,53,54,50,44,78,75,65,70,0,1,1,QA Engineer,26.3,Needs Training,Java|Selenium|API Testing,Java for Test Automation|Automation Testing with Selenium|Postman & REST API Testing,8,Not Placed
STU0751,Nishant Kulkarni,CSE,7,7.22,70.1,76.7,0,Python|Java,React|Spring Boot,Python Certificate|SQL Certificate|Cloud Certificate|DSA Certificate|Web Development Certificate,1,2,2,1,1,0,6,4,3,9,0,60,60,59,53,81,86,72,78,0,0,1,QA Engineer,60.0,Near Ready,API Testing,Postman & REST API Testing,4,Placed
STU0752,Zoya Nair,EEE,6,7.24,83.5,80.6,0,Java,Git,Python Certificate,0,1,1,0,0,1,1,1,2,6,1,68,69,60,62,85,80,80,80,0,0,0,QA Engineer,60.0,Near Ready,Java|API Testing|Automation Testing,Java for Test Automation|Postman & REST API Testing|Mastering Test Automation & Frameworks,8,Placed
STU0753,Sahil Kapoor,IT,5,10.0,87.4,91.4,0,Python|Java|C++,React|Spring Boot|Pandas|AWS,Python Certificate|SQL Certificate|Cloud Certificate|DSA Certificate|Web Development Certificate,3,3,3,3,3,3,6,4,4,12,3,89,89,89,89,93,95,100,95,1,1,1,QA Engineer,98.0,Ready,Advanced interview practice,Advanced Placement Interview Mastery,4,Placed
STU0754,Tanvi Singh,AI&DS,6,10.0,94.9,100.0,0,Python|Java|C++,React|Spring Boot|Pandas|AWS,Python Certificate|SQL Certificate|Cloud Certificate|DSA Certificate|Web Development Certificate,3,3,3,3,3,3,7,5,4,14,1,100,99,95,100,99,99,100,98,4,4,3,Full Stack Developer,98.0,Ready,Advanced interview practice,Advanced Placement Interview Mastery,4,Placed
STU0755,Harsh Chowdhury,CSE,8,8.37,79.7,79.7,0,Python|Java|C++,React|Pandas,Python Certificate|SQL Certificate,2,1,2,2,1,2,2,5,4,11,1,72,72,73,68,86,84,84,80,2,1,2,Full Stack Developer,80.0,Ready,Java,Java Programming & Spring Boot,4,Placed
STU0756,Vedant Iyer,ECE,8,7.5,80.2,68.2,0,Java,React,,0,1,1,1,0,0,0,1,2,5,1,63,62,59,56,82,77,74,79,1,0,1,QA Engineer,60.0,Near Ready,Java|API Testing|Automation Testing,Java for Test Automation|Postman & REST API Testing|Mastering Test Automation & Frameworks,8,Placed
STU0757,Rohan Iyer,IT,8,8.92,81.3,75.3,0,Python|Java,React|Spring Boot,Python Certificate|SQL Certificate,1,2,2,1,1,1,2,3,3,10,0,71,74,74,67,86,83,83,83,2,1,2,QA Engineer,80.0,Ready,API Testing,Postman & REST API Testing,4,Placed
STU0758,Yash Sharma,AI&DS,7,8.39,82.8,77.1,1,Python|Java|C++,React|Pandas,Python Certificate|SQL Certificate|Cloud Certificate|DSA Certificate|Web Development Certificate,3,1,3,2,1,2,5,1,3,8,3,75,79,72,72,88,89,87,86,3,1,2,Data Analyst,87.8,Ready,Advanced interview practice,Advanced Placement Interview Mastery,4,Placed
STU0759,Rohan Dutta,EEE,5,6.59,75.7,70.5,0,Python,Git,Python Certificate,1,0,1,0,0,1,1,3,3,6,2,61,63,58,54,82,80,73,78,1,0,1,QA Engineer,60.0,Near Ready,Java|API Testing,Java for Test Automation|Postman & REST API Testing,6,Placed
STU0760,Khushi Saxena,ECE,7,9.52,83.6,98.6,0,Python|Java|C++,React,Python Certificate,1,1,2,1,1,2,1,6,4,13,1,86,87,86,86,92,93,97,92,3,0,0,QA Engineer,93.7,Ready,Java,Java for Test Automation,4,Placed
STU0761,Shreya Patel,CSE,7,8.77,82.3,72.2,0,Python|Java,React,Python Certificate|SQL Certificate,1,1,2,1,0,1,2,2,2,7,0,67,68,67,62,84,81,79,80,4,0,2,Data Analyst,60.0,Near Ready,Python|Statistics,Python for Data Analysis|Statistics for Data Analysis,6,Placed
STU0762,Ananya Chowdhury,AI&DS,8,7.49,83.9,80.6,1,Python|Java|C++,React,Python Certificate|SQL Certificate|Cloud Certificate|DSA Certificate,1,1,1,1,1,2,4,3,3,9,1,71,68,71,66,86,82,82,82,2,0,1,QA Engineer,60.0,Near Ready,Java|API Testing,Java for Test Automation|Postman & REST API Testing,6,Placed
STU0763,Neha Deshmukh,CSE,5,7.99,81.3,77.1,0,Python|Java|C++,React|Spring Boot|Pandas|AWS,Python Certificate|SQL Certificate,2,2,2,2,2,2,2,6,4,12,2,73,72,76,69,87,87,85,81,1,1,1,Full Stack Developer,87.5,Ready,Advanced interview practice,Advanced Placement Interview Mastery,4,Placed
STU0764,Kunal Pandey,IT,7,8.13,86.4,77.2,0,Python|Java|C++,React|Spring Boot|Pandas|AWS,Python Certificate|SQL Certificate|Cloud Certificate,2,2,2,2,2,2,3,3,3,8,1,70,74,69,65,85,86,81,79,2,2,2,Data Analyst,80.0,Ready,Statistics,Statistics for Data Analysis,4,Placed
STU0765,Priya Thakur,CSE,6,8.31,79.1,73.5,0,Python|Java|C++,React|Spring Boot|Pandas,,3,2,2,2,1,2,0,3,3,9,0,75,78,75,71,87,86,86,85,2,1,2,Full Stack Developer,80.0,Ready,NodeJS|MongoDB,Node.js Backend Development|MongoDB Developer Path,6,Placed
STU0766,Karan Chowdhury,IT,6,6.39,78.7,68.1,0,Java,React,Python Certificate|SQL Certificate,0,1,1,1,1,1,2,2,2,5,0,57,57,55,49,80,75,69,77,1,1,1,QA Engineer,22.2,Needs Training,Java|Selenium|API Testing|Automation Testing,Java for Test Automation|Automation Testing with Selenium|Postman & REST API Testing|Mastering Test Automation & Frameworks,10,Not Placed
STU0767,Kunal Reddy,ECE,7,7.5,74.3,68.8,0,Java,React,Python Certificate,0,1,1,1,1,0,1,0,2,4,1,58,64,58,50,81,75,70,75,0,1,1,QA Engineer,26.0,Needs Training,Java|Selenium|API Testing|Automation Testing,Java for Test Automation|Automation Testing with Selenium|Postman & REST API Testing|Mastering Test Automation & Frameworks,10,Not Placed
STU0768,Nishant Chawla,EEE,7,7.56,67.5,68.3,1,Python,React,,0,0,0,1,1,0,0,1,2,4,0,52,56,48,42,78,79,64,71,0,0,0,QA Engineer,18.3,Needs Training,Java|Selenium|API Testing|Automation Testing,Java for Test Automation|Automation Testing with Selenium|Postman & REST API Testing|Mastering Test Automation & Frameworks,10,Not Placed
STU0769,Riya Kumar,AI&DS,6,8.04,81.4,80.3,0,Python|Java,React|Pandas,Python Certificate,3,1,2,2,1,1,1,1,3,7,3,70,70,73,65,85,85,82,84,1,1,1,Data Analyst,84.5,Ready,Statistics|Power BI,Statistics for Data Analysis|Microsoft Power BI Data Analyst,6,Placed
STU0770,Isha Rao,ECE,6,7.83,83.7,74.8,0,Python|Java,React|Spring Boot|Pandas|AWS,,2,2,2,1,2,1,0,4,3,9,0,74,73,71,70,87,87,86,89,3,0,1,QA Engineer,80.0,Ready,Advanced interview practice,Advanced Placement Interview Mastery,4,Placed
STU0771,Sneha Shah,CSE,7,7.18,87.8,85.6,0,Python|Java,React|Pandas,Python Certificate,2,1,2,2,1,1,1,3,3,9,0,70,70,67,65,86,80,82,86,1,2,1,QA Engineer,80.0,Ready,Java|API Testing,Java for Test Automation|Postman & REST API Testing,6,Placed
STU0772,Sneha Joshi,ECE,7,9.3,86.0,91.3,0,Python|Java,React|Pandas,Python Certificate,3,1,3,1,1,1,1,6,4,13,1,85,85,88,84,92,87,96,89,5,0,2,Data Analyst,95.7,Ready,Power BI,Microsoft Power BI Data Analyst,4,Placed
STU0773,Abhinav Joshi,CSE,8,8.05,74.1,76.1,0,Python|Java,React,Python Certificate,1,1,1,2,1,1,1,2,2,7,0,65,67,65,59,83,80,76,78,1,0,0,Data Analyst,60.0,Near Ready,Python|SQL|Statistics|Power BI,Python for Data Analysis|SQL & Database Fundamentals|Statistics for Data Analysis|Microsoft Power BI Data Analyst,10,Placed
STU0774,Aditi Shetty,AI&DS,8,8.41,88.5,81.0,0,Python|Java|C++,React|Spring Boot|Pandas,Python Certificate|SQL Certificate|Cloud Certificate,3,2,2,1,1,2,3,1,2,7,1,73,72,75,69,87,85,85,85,3,1,1,QA Engineer,85.4,Ready,API Testing|Automation Testing,Postman & REST API Testing|Mastering Test Automation & Frameworks,6,Placed
STU0775,Yash Rao,ECE,7,6.41,66.3,62.1,0,Python,Git,,0,0,1,0,0,1,0,1,1,4,0,52,53,48,42,78,74,64,75,1,1,0,QA Engineer,12.0,Needs Training,Java|Selenium|API Testing|Automation Testing,Java for Test Automation|Automation Testing with Selenium|Postman & REST API Testing|Mastering Test Automation & Frameworks,10,Not Placed
STU0776,Kavya Sharma,CSE,6,6.82,79.4,72.8,1,Python|Java,React,Python Certificate|SQL Certificate,1,1,2,2,1,1,2,4,3,9,0,60,61,58,53,81,77,72,77,0,0,1,Full Stack Developer,25.8,Needs Training,Java|DSA,Java Programming & Spring Boot|Data Structures & Algorithms,6,Not Placed
STU0777,Sneha Chawla,CSE,7,7.65,92.1,84.1,0,Python|Java|C++,React|Spring Boot|Pandas,Python Certificate|SQL Certificate|Cloud Certificate|DSA Certificate,2,2,2,2,1,2,4,3,3,8,0,73,76,74,69,87,84,85,91,3,0,1,QA Engineer,80.2,Ready,API Testing,Postman & REST API Testing,4,Placed
STU0778,Zoya Jain,IT,7,8.77,82.8,72.2,0,Python|Java|C++,React|Spring Boot|Pandas,Python Certificate|SQL Certificate,2,2,2,2,1,2,2,2,3,9,1,75,75,74,71,88,86,87,84,2,1,2,QA Engineer,84.0,Ready,Advanced interview practice,Advanced Placement Interview Mastery,4,Placed
STU0779,Ishaan Verma,IT,6,7.66,79.1,69.1,0,Python|Java,React|Pandas,Python Certificate,2,1,1,1,1,1,1,1,2,6,1,61,56,62,54,82,80,73,80,2,0,1,QA Engineer,60.0,Near Ready,Java|API Testing|Automation Testing,Java for Test Automation|Postman & REST API Testing|Mastering Test Automation & Frameworks,8,Placed
STU0780,Utkarsh Yadav,IT,8,6.66,71.7,72.8,0,Python|Java,React|Pandas|AWS,Python Certificate|SQL Certificate|Cloud Certificate,2,1,1,1,2,1,3,0,2,4,0,64,61,65,58,83,76,76,77,0,1,1,QA Engineer,60.0,Near Ready,Java|API Testing|Automation Testing,Java for Test Automation|Postman & REST API Testing|Mastering Test Automation & Frameworks,8,Placed
STU0781,Sahil Shetty,IT,5,6.78,69.6,62.9,0,Python,Git,,0,0,1,0,1,0,0,1,2,5,0,47,47,49,40,76,73,59,69,0,0,0,QA Engineer,15.4,Needs Training,Java|Selenium|API Testing|Automation Testing,Java for Test Automation|Automation Testing with Selenium|Postman & REST API Testing|Mastering Test Automation & Frameworks,10,Not Placed
STU0782,Khushi Jain,AI&DS,8,7.43,76.1,78.9,1,Python|Java,React|Pandas,,2,1,1,1,0,0,0,0,1,5,3,60,62,58,53,82,82,73,80,0,0,1,QA Engineer,60.0,Near Ready,Java|API Testing|Automation Testing,Java for Test Automation|Postman & REST API Testing|Mastering Test Automation & Frameworks,8,Placed
STU0783,Harsh Kulkarni,CSE,7,9.09,87.5,78.4,0,Python|Java|C++,React|Pandas|AWS,Python Certificate|SQL Certificate|Cloud Certificate,2,1,2,2,2,2,3,2,2,8,2,75,75,74,72,88,84,87,87,1,0,1,QA Engineer,85.3,Ready,Java|Automation Testing,Java for Test Automation|Mastering Test Automation & Frameworks,6,Placed
STU0784,Neha Nair,AI&DS,7,7.4,79.4,77.2,0,Python|Java|C++,React|Pandas|AWS,,2,1,1,1,2,2,0,1,2,6,0,72,69,67,67,86,85,83,81,1,2,2,QA Engineer,60.0,Near Ready,Java|API Testing|Automation Testing,Java for Test Automation|Postman & REST API Testing|Mastering Test Automation & Frameworks,8,Placed
STU0785,Vedant Reddy,CSE,7,7.32,73.7,76.4,0,Python,React|Pandas,,3,0,3,2,1,1,0,3,3,8,0,71,73,74,66,86,85,83,82,2,1,1,Data Analyst,80.0,Ready,Statistics|Power BI,Statistics for Data Analysis|Microsoft Power BI Data Analyst,6,Placed
STU0786,Varun Iyer,EEE,8,7.48,80.9,70.6,0,Python|Java,Git,Python Certificate|SQL Certificate,1,1,0,0,0,1,2,3,3,8,0,65,67,63,59,84,80,77,82,3,2,3,QA Engineer,60.0,Near Ready,Java|API Testing,Java for Test Automation|Postman & REST API Testing,6,Placed
STU0787,Zoya Jain,IT,7,7.76,67.7,73.0,0,Python|Java|C++,AWS,Python Certificate|SQL Certificate,1,1,2,0,2,2,2,0,2,4,0,65,62,68,59,83,78,77,79,0,3,2,Data Analyst,60.0,Near Ready,Python|Statistics,Python for Data Analysis|Statistics for Data Analysis,6,Placed
STU0788,Deepak Jain,AI&DS,7,7.74,71.1,73.7,0,Python|Java,React,Python Certificate,1,1,1,1,0,1,1,3,3,6,0,57,58,58,49,80,79,69,79,1,0,0,QA Engineer,60.0,Near Ready,Java|Selenium|API Testing,Java for Test Automation|Automation Testing with Selenium|Postman & REST API Testing,8,Placed
STU0789,Yash Saxena,AI&DS,5,8.55,88.3,75.0,0,Python,React|Pandas,Python Certificate|SQL Certificate|Cloud Certificate,2,0,3,2,1,1,3,6,4,12,0,73,77,71,69,87,87,85,87,3,2,3,Data Analyst,80.3,Ready,Advanced interview practice,Advanced Placement Interview Mastery,4,Placed
STU0790,Arjun Pandey,EEE,7,7.8,82.3,81.4,0,Python|Java,React|Spring Boot,Python Certificate|SQL Certificate,1,2,1,1,0,1,2,4,3,10,3,70,75,71,65,85,82,81,81,1,0,2,QA Engineer,67.6,Near Ready,API Testing,Postman & REST API Testing,4,Placed
STU0791,Ankit Dutta,CSE,6,7.48,91.7,69.2,0,Python|Java|C++,React|Spring Boot|Pandas,,2,2,2,2,1,2,0,2,2,8,2,71,72,68,66,86,81,82,81,2,2,2,QA Engineer,70.9,Near Ready,API Testing|Automation Testing,Postman & REST API Testing|Mastering Test Automation & Frameworks,6,Placed
STU0792,Vedant Pandey,IT,7,7.59,78.9,66.9,1,Python,React,Python Certificate,1,0,1,1,1,1,1,2,2,7,0,58,60,57,51,81,76,71,79,0,0,1,Data Analyst,25.1,Needs Training,Python|SQL|Statistics|Power BI,Python for Data Analysis|SQL & Database Fundamentals|Statistics for Data Analysis|Microsoft Power BI Data Analyst,10,Not Placed
STU0793,Aditya Joshi,AI&DS,7,5.0,57.5,53.6,2,Python|C++,Git,,1,0,0,0,0,2,0,1,2,3,0,40,43,44,40,73,70,52,65,0,0,0,QA Engineer,5.0,Needs Training,Java|Selenium|API Testing|Automation Testing,Java for Test Automation|Automation Testing with Selenium|Postman & REST API Testing|Mastering Test Automation & Frameworks,10,Not Placed
STU0794,Rahul Verma,IT,7,9.41,86.9,94.9,0,Python|Java|C++,React|Spring Boot|Pandas|AWS,Python Certificate,2,2,3,2,2,2,1,2,3,9,1,78,82,79,75,89,86,89,86,3,0,1,Full Stack Developer,88.2,Ready,NodeJS|MongoDB,Node.js Backend Development|MongoDB Developer Path,6,Placed
STU0795,Tanvi Shah,CSE,5,6.88,73.9,69.0,0,Python|Java,React|Spring Boot,Python Certificate,1,2,1,2,1,1,1,2,2,6,0,59,60,58,51,81,78,71,77,1,0,1,Full Stack Developer,60.0,Near Ready,DSA|NodeJS|MongoDB,Data Structures & Algorithms|Node.js Backend Development|MongoDB Developer Path,8,Placed
STU0796,Deepak Singh,EEE,5,7.43,63.2,54.0,0,Python|Java,Git,,1,1,0,0,1,0,0,2,2,5,0,54,57,52,46,79,72,67,74,1,0,0,QA Engineer,13.9,Needs Training,Java|Selenium|API Testing|Automation Testing,Java for Test Automation|Automation Testing with Selenium|Postman & REST API Testing|Mastering Test Automation & Frameworks,10,Not Placed
STU0797,Anish Kapoor,EEE,7,8.53,78.8,69.2,0,Python|Java|C++,Pandas,,2,1,1,0,1,2,0,0,2,5,0,73,72,72,69,87,84,85,84,1,1,1,QA Engineer,60.0,Near Ready,Java|API Testing|Automation Testing,Java for Test Automation|Postman & REST API Testing|Mastering Test Automation & Frameworks,8,Placed
STU0798,Khushi Mehta,IT,5,7.04,72.1,71.7,0,Java,Git,,0,1,2,0,0,1,0,1,2,5,0,60,60,58,53,81,77,72,78,0,0,0,QA Engineer,60.0,Near Ready,Java|API Testing|Automation Testing,Java for Test Automation|Postman & REST API Testing|Mastering Test Automation & Frameworks,8,Placed
STU0799,Ishaan Das,IT,5,8.3,76.3,88.2,0,Python|Java|C++,React|Spring Boot|Pandas|AWS,Python Certificate,3,3,2,2,2,2,1,5,4,11,1,77,80,75,74,89,92,89,90,2,1,2,Full Stack Developer,87.8,Ready,Advanced interview practice,Advanced Placement Interview Mastery,4,Placed
STU0800,Dev Reddy,EEE,5,7.95,83.2,82.8,0,Python|Java,React|Spring Boot|Pandas,Python Certificate,2,2,2,1,1,1,1,4,3,10,0,72,73,74,68,86,86,84,88,0,1,1,QA Engineer,60.0,Near Ready,API Testing,Postman & REST API Testing,4,Placed
STU0801,Arjun Pillai,IT,8,8.4,82.2,82.2,0,Python|Java|C++,React|Spring Boot|Pandas,Python Certificate,2,2,3,2,0,2,1,0,2,7,2,73,74,69,69,87,86,85,87,1,1,0,QA Engineer,81.5,Ready,API Testing|Automation Testing,Postman & REST API Testing|Mastering Test Automation & Frameworks,6,Placed
STU0802,Shreya Dutta,CSE,7,6.17,58.7,69.7,0,Java,React,,0,1,1,1,1,1,0,2,3,5,0,48,51,46,40,76,72,61,68,0,0,1,QA Engineer,11.0,Needs Training,Java|Selenium|API Testing,Java for Test Automation|Automation Testing with Selenium|Postman & REST API Testing,8,Not Placed
STU0803,Nikhil Agarwal,IT,6,8.42,89.7,82.7,0,Python|Java|C++,React|Spring Boot|Pandas,Python Certificate|SQL Certificate|Cloud Certificate,2,2,2,3,1,2,3,2,3,9,1,79,78,79,77,89,87,91,92,2,0,1,QA Engineer,85.2,Ready,Advanced interview practice,Advanced Placement Interview Mastery,4,Placed
STU0804,Sameer Kapoor,IT,6,7.68,83.7,82.7,1,Python|Java,React|Spring Boot,,1,2,3,2,1,0,0,8,4,13,0,68,70,64,63,85,82,80,83,1,0,1,Data Analyst,80.0,Ready,Python|Statistics|Power BI,Python for Data Analysis|Statistics for Data Analysis|Microsoft Power BI Data Analyst,8,Placed
STU0805,Kavya Shetty,AI&DS,6,7.17,76.2,61.9,1,Python|Java|C++,React,Python Certificate,1,1,1,2,1,2,1,0,2,5,1,60,61,57,53,81,77,72,77,0,0,0,QA Engineer,60.0,Near Ready,Java|API Testing|Automation Testing,Java for Test Automation|Postman & REST API Testing|Mastering Test Automation & Frameworks,8,Placed
STU0806,Chaitanya Iyer,IT,7,6.58,77.5,70.9,0,Python|Java,React|Pandas|AWS,Python Certificate,2,1,2,1,2,1,1,4,3,9,1,66,66,64,61,84,81,78,80,4,0,2,QA Engineer,60.0,Near Ready,Java|API Testing,Java for Test Automation|Postman & REST API Testing,6,Placed
STU0807,Riya Pillai,EEE,7,5.95,66.7,50.0,0,Python,Git,,0,0,0,0,0,0,0,2,2,4,0,43,45,44,40,74,71,56,69,1,0,1,QA Engineer,6.9,Needs Training,Java|Selenium|API Testing|Automation Testing,Java for Test Automation|Automation Testing with Selenium|Postman & REST API Testing|Mastering Test Automation & Frameworks,10,Not Placed
STU0808,Khushi Yadav,EEE,6,7.42,84.7,77.0,0,Python|Java,React,,1,1,1,1,1,1,0,4,3,10,1,70,73,71,65,85,82,81,86,2,0,1,QA Engineer,65.2,Near Ready,Java|API Testing,Java for Test Automation|Postman & REST API Testing,6,Placed
STU0809,Meera Pillai,AI&DS,6,5.89,71.3,65.5,0,Python|Java,React|Pandas,Python Certificate|SQL Certificate,3,1,0,1,0,0,2,0,1,3,0,52,54,49,43,78,75,65,71,0,0,0,QA Engineer,16.7,Needs Training,Java|Selenium|API Testing|Automation Testing,Java for Test Automation|Automation Testing with Selenium|Postman & REST API Testing|Mastering Test Automation & Frameworks,10,Not Placed
STU0810,Anushka Chowdhury,CSE,5,5.3,63.1,63.5,1,Python,Git,,1,0,1,0,1,0,0,1,1,4,0,48,48,50,40,77,69,61,70,0,0,0,Data Analyst,5.6,Needs Training,Python|SQL|Statistics|Power BI,Python for Data Analysis|SQL & Database Fundamentals|Statistics for Data Analysis|Microsoft Power BI Data Analyst,10,Not Placed
STU0811,Ananya Singh,Mechanical,7,5.08,67.2,61.7,1,Python,Git,,0,0,0,0,0,1,0,0,1,2,0,46,46,50,40,76,69,59,66,0,0,0,QA Engineer,5.9,Needs Training,Java|Selenium|API Testing|Automation Testing,Java for Test Automation|Automation Testing with Selenium|Postman & REST API Testing|Mastering Test Automation & Frameworks,10,Not Placed
STU0812,Karthik Nair,ECE,7,7.93,92.9,79.4,1,Python|Java,React|Pandas,,2,1,2,2,1,1,0,6,4,12,0,78,75,76,75,89,86,90,88,2,1,1,QA Engineer,80.0,Ready,Java,Java for Test Automation,4,Placed
STU0813,Zoya Yadav,CSE,6,6.52,70.0,68.2,0,Python|Java,React|Pandas,Python Certificate,2,1,1,1,0,0,1,4,3,8,1,57,56,55,49,80,74,69,79,1,0,0,QA Engineer,60.0,Near Ready,Java|Selenium|API Testing,Java for Test Automation|Automation Testing with Selenium|Postman & REST API Testing,8,Placed
STU0814,Zoya Rao,EEE,5,10.0,100.0,79.8,0,Python|Java|C++,React|Spring Boot,Python Certificate|SQL Certificate|Cloud Certificate|DSA Certificate|Web Development Certificate,1,2,2,1,0,2,5,2,3,9,2,83,85,84,82,91,84,95,93,1,1,2,QA Engineer,93.1,Ready,Advanced interview practice,Advanced Placement Interview Mastery,4,Placed
STU0815,Siddharth Shah,ECE,5,6.7,71.1,78.4,0,Python|Java,React,Python Certificate,1,1,1,1,0,0,1,1,2,6,0,58,58,57,51,81,77,70,74,1,0,1,Data Analyst,22.3,Needs Training,Python|SQL|Statistics|Power BI,Python for Data Analysis|SQL & Database Fundamentals|Statistics for Data Analysis|Microsoft Power BI Data Analyst,10,Not Placed
STU0816,Anish Pillai,AI&DS,8,5.88,64.5,57.8,1,Python,Git,,1,0,0,0,0,1,0,0,1,3,0,44,49,46,40,75,65,57,67,0,0,0,QA Engineer,5.9,Needs Training,Java|Selenium|API Testing|Automation Testing,Java for Test Automation|Automation Testing with Selenium|Postman & REST API Testing|Mastering Test Automation & Frameworks,10,Not Placed
STU0817,Pooja Sharma,IT,6,6.58,65.7,62.0,0,Python|Java,React|Pandas,Python Certificate,2,1,1,1,0,0,1,2,2,6,0,51,56,54,42,78,71,64,71,0,0,0,QA Engineer,20.1,Needs Training,Java|Selenium|API Testing|Automation Testing,Java for Test Automation|Automation Testing with Selenium|Postman & REST API Testing|Mastering Test Automation & Frameworks,10,Not Placed
STU0818,Karan Bhat,AI&DS,7,8.8,89.0,95.7,0,Python|Java|C++,React|Spring Boot|Pandas,Python Certificate,2,3,3,2,1,2,1,4,3,11,1,80,80,78,77,89,90,91,85,2,0,1,QA Engineer,91.2,Ready,Advanced interview practice,Advanced Placement Interview Mastery,4,Placed
STU0819,Anushka Chowdhury,CSE,7,7.31,68.0,66.1,0,Python|Java|C++,React|Spring Boot,Python Certificate|SQL Certificate,1,2,2,1,0,2,2,2,2,6,0,63,65,55,56,83,82,75,80,1,0,1,Full Stack Developer,60.0,Near Ready,React|NodeJS|MongoDB,Meta Front-End Development|Node.js Backend Development|MongoDB Developer Path,8,Placed
STU0820,Nikhil Saxena,AI&DS,6,6.35,70.9,63.3,1,Python|Java,Git,Python Certificate|SQL Certificate,1,1,1,0,0,1,2,2,2,6,0,58,58,57,50,81,77,70,73,4,0,2,QA Engineer,20.9,Needs Training,Java|Selenium|API Testing|Automation Testing,Java for Test Automation|Automation Testing with Selenium|Postman & REST API Testing|Mastering Test Automation & Frameworks,10,Not Placed
STU0821,Ishaan Saxena,ECE,6,8.39,73.8,69.9,0,Python|Java,Git,Python Certificate|SQL Certificate,1,1,1,0,1,0,2,1,2,6,1,67,66,64,61,84,81,78,76,1,0,1,QA Engineer,63.2,Near Ready,Java|API Testing|Automation Testing,Java for Test Automation|Postman & REST API Testing|Mastering Test Automation & Frameworks,8,Placed
STU0822,Karan Deshmukh,CSE,5,8.91,82.7,79.1,0,Python|Java,React,Python Certificate|SQL Certificate|Cloud Certificate,1,1,1,2,1,1,3,1,2,8,1,71,68,74,66,86,88,83,82,3,1,2,Full Stack Developer,62.6,Near Ready,Java|DSA|NodeJS|MongoDB,Java Programming & Spring Boot|Data Structures & Algorithms|Node.js Backend Development|MongoDB Developer Path,10,Placed
STU0823,Nishant Shetty,AI&DS,7,7.78,91.9,87.6,0,Python|Java|C++,React|Pandas,Python Certificate|SQL Certificate|Cloud Certificate,2,1,3,3,1,3,3,4,3,10,2,78,77,79,75,89,87,90,87,2,2,2,Full Stack Developer,90.5,Ready,Java,Java Programming & Spring Boot,4,Placed
STU0824,Vedant Shah,AI&DS,7,8.44,92.8,92.5,0,Python|Java|C++,React|Spring Boot|Pandas,Python Certificate,3,2,3,2,1,2,1,5,4,13,1,82,83,84,80,91,94,94,85,6,0,2,Full Stack Developer,90.9,Ready,Advanced interview practice,Advanced Placement Interview Mastery,4,Placed
STU0825,Ankit Saxena,AI&DS,7,7.0,63.3,87.2,0,Python|Java,React,Python Certificate|SQL Certificate,1,1,1,1,0,1,2,2,2,7,0,60,58,60,53,82,78,73,80,0,2,1,QA Engineer,60.0,Near Ready,Java|API Testing|Automation Testing,Java for Test Automation|Postman & REST API Testing|Mastering Test Automation & Frameworks,8,Placed
STU0826,Harsh Mishra,EEE,7,5.69,77.6,50.0,0,Python,React,,1,0,0,1,0,0,0,2,2,5,0,49,51,51,40,77,75,61,70,0,0,0,QA Engineer,8.0,Needs Training,Java|Selenium|API Testing|Automation Testing,Java for Test Automation|Automation Testing with Selenium|Postman & REST API Testing|Mastering Test Automation & Frameworks,10,Not Placed
STU0827,Aditi Kulkarni,AI&DS,5,7.34,76.2,74.9,0,Python|Java,React|Pandas,Python Certificate|SQL Certificate,2,1,2,1,1,0,2,1,2,5,0,60,62,58,52,81,76,72,81,1,1,1,Data Analyst,60.0,Near Ready,Statistics,Statistics for Data Analysis,4,Placed
STU0828,Siddharth Mehta,AI&DS,8,7.4,76.2,74.0,0,Python|Java|C++,React|Spring Boot|Pandas,Python Certificate|SQL Certificate,2,2,2,2,1,2,2,2,2,7,2,68,71,69,63,85,82,80,82,3,0,0,Full Stack Developer,60.0,Near Ready,NodeJS|MongoDB,Node.js Backend Development|MongoDB Developer Path,6,Placed
STU0829,Varun Nair,IT,7,7.62,71.1,62.8,1,Python|Java,React,,1,1,2,1,1,0,0,3,2,7,0,53,57,56,44,78,74,65,77,1,0,0,QA Engineer,24.2,Needs Training,Java|Selenium|API Testing|Automation Testing,Java for Test Automation|Automation Testing with Selenium|Postman & REST API Testing|Mastering Test Automation & Frameworks,10,Not Placed
STU0830,Vikas Gupta,AI&DS,6,7.14,71.2,62.7,2,Python|Java,React,Python Certificate|SQL Certificate,1,1,0,1,0,0,2,0,1,4,0,53,55,50,44,79,76,66,70,0,0,1,QA Engineer,19.3,Needs Training,Java|Selenium|API Testing|Automation Testing,Java for Test Automation|Automation Testing with Selenium|Postman & REST API Testing|Mastering Test Automation & Frameworks,10,Not Placed
STU0831,Vedant Shetty,CSE,8,7.95,77.4,72.6,1,Python|Java|C++,React|Spring Boot|Pandas,Python Certificate|SQL Certificate,2,2,2,2,1,2,2,3,3,9,1,69,71,68,64,85,85,81,84,5,0,2,QA Engineer,80.0,Ready,API Testing,Postman & REST API Testing,4,Placed
STU0832,Rohan Kapoor,AI&DS,7,7.96,78.6,84.7,0,Python|Java|C++,React|Pandas,Python Certificate,2,1,0,1,1,2,1,3,2,8,1,64,67,68,58,83,81,76,81,1,0,1,QA Engineer,62.1,Near Ready,Java|API Testing|Automation Testing,Java for Test Automation|Postman & REST API Testing|Mastering Test Automation & Frameworks,8,Placed
STU0833,Abhinav Joshi,CSE,7,8.09,75.2,80.3,0,Python|Java,React|Spring Boot|Pandas,Python Certificate,2,2,1,1,1,1,1,1,2,6,0,65,66,64,59,83,80,77,79,0,1,0,QA Engineer,60.0,Near Ready,API Testing|Automation Testing,Postman & REST API Testing|Mastering Test Automation & Frameworks,6,Placed
STU0834,Vikas Das,CSE,7,6.46,69.9,68.3,1,Python|Java,Git,,1,1,2,0,0,1,0,3,2,6,1,56,56,54,47,80,73,68,76,3,0,1,QA Engineer,21.5,Needs Training,Java|Selenium|API Testing|Automation Testing,Java for Test Automation|Automation Testing with Selenium|Postman & REST API Testing|Mastering Test Automation & Frameworks,10,Not Placed
STU0835,Anushka Singh,AI&DS,8,6.86,72.7,81.0,1,Python|Java,React|AWS,Python Certificate,1,1,1,1,2,1,1,1,1,5,0,62,63,62,55,82,77,74,77,0,0,0,QA Engineer,60.0,Near Ready,Java|API Testing|Automation Testing,Java for Test Automation|Postman & REST API Testing|Mastering Test Automation & Frameworks,8,Placed
STU0836,Aditya Verma,AI&DS,7,6.61,63.4,57.6,0,Java,React|Spring Boot,,0,2,1,1,1,0,0,4,3,8,0,54,51,51,45,79,73,66,73,1,0,0,QA Engineer,23.0,Needs Training,Selenium|API Testing,Automation Testing with Selenium|Postman & REST API Testing,6,Not Placed
STU0837,Kunal Mishra,EEE,5,8.82,85.9,75.0,0,Python|Java,React|Pandas,,2,1,2,3,1,1,0,6,4,13,2,75,77,77,72,88,85,87,86,3,0,2,Full Stack Developer,80.1,Ready,Java|DSA,Java Programming & Spring Boot|Data Structures & Algorithms,6,Placed
STU0838,Anushka Kumar,AI&DS,6,8.6,89.2,71.2,0,Python|Java|C++,React|Spring Boot|Pandas|AWS,Python Certificate|SQL Certificate|Cloud Certificate,2,2,2,2,3,2,3,2,3,9,2,77,80,75,74,88,86,89,90,0,0,0,QA Engineer,80.9,Ready,Advanced interview practice,Advanced Placement Interview Mastery,4,Placed
STU0839,Isha Dutta,IT,8,5.0,65.8,54.2,2,Python,React,,0,0,0,1,0,1,0,0,2,2,0,43,45,41,40,74,69,55,67,0,0,0,QA Engineer,5.0,Needs Training,Java|Selenium|API Testing|Automation Testing,Java for Test Automation|Automation Testing with Selenium|Postman & REST API Testing|Mastering Test Automation & Frameworks,10,Not Placed
STU0840,Shreya Singh,IT,6,6.17,74.7,67.6,0,Python|Java,React,,1,1,1,1,0,0,0,2,2,6,1,54,58,52,45,79,74,66,74,1,0,1,QA Engineer,19.7,Needs Training,Java|Selenium|API Testing|Automation Testing,Java for Test Automation|Automation Testing with Selenium|Postman & REST API Testing|Mastering Test Automation & Frameworks,10,Not Placed
STU0841,Nishant Chowdhury,CSE,6,5.97,67.6,62.1,1,Python,Git,Python Certificate,1,0,1,0,1,0,1,1,1,3,0,47,48,47,40,76,67,59,68,0,0,0,Data Analyst,5.9,Needs Training,Python|SQL|Statistics|Power BI,Python for Data Analysis|SQL & Database Fundamentals|Statistics for Data Analysis|Microsoft Power BI Data Analyst,10,Not Placed
STU0842,Nikhil Saxena,IT,7,6.81,70.1,70.0,0,Python|Java,React|Pandas,,2,1,1,1,1,0,0,1,2,5,2,57,61,53,49,80,76,69,75,1,1,1,QA Engineer,24.7,Needs Training,Java|Selenium|API Testing|Automation Testing,Java for Test Automation|Automation Testing with Selenium|Postman & REST API Testing|Mastering Test Automation & Frameworks,10,Not Placed
STU0843,Ishaan Thakur,CSE,7,8.4,81.5,65.8,0,Python|Java|C++,React|Pandas,Python Certificate,2,1,1,1,1,2,1,4,3,9,0,64,70,61,57,83,83,76,82,0,0,1,Full Stack Developer,60.0,Near Ready,React|Java|MongoDB,Meta Front-End Development|Java Programming & Spring Boot|MongoDB Developer Path,8,Placed
STU0844,Shreya Das,Mechanical,7,5.36,59.6,66.8,2,Python,Git,,0,0,0,0,1,1,0,0,1,2,0,47,51,43,40,76,73,60,68,0,0,0,QA Engineer,5.0,Needs Training,Java|Selenium|API Testing|Automation Testing,Java for Test Automation|Automation Testing with Selenium|Postman & REST API Testing|Mastering Test Automation & Frameworks,10,Not Placed
STU0845,Tanvi Yadav,CSE,8,6.83,66.1,68.1,0,Python,React,Python Certificate,1,0,1,1,1,0,1,5,3,9,0,54,56,51,45,79,78,66,69,0,0,1,DevOps Engineer,11.7,Needs Training,AWS|Python|Docker|Kubernetes,AWS Cloud Practitioner|Python Automation|Docker & Kubernetes Bootcamp|Kubernetes for DevOps,10,Not Placed
STU0846,Deepak Singh,AI&DS,6,7.24,65.1,70.4,2,Python|Java,React|Pandas,Python Certificate,2,1,1,1,0,1,1,1,2,5,0,53,56,50,44,78,70,65,72,0,0,0,QA Engineer,16.5,Needs Training,Java|Selenium|API Testing|Automation Testing,Java for Test Automation|Automation Testing with Selenium|Postman & REST API Testing|Mastering Test Automation & Frameworks,10,Not Placed
STU0847,Pranav Pandey,CSE,5,8.84,85.1,65.5,0,Python|Java,React|Pandas,Python Certificate|SQL Certificate|Cloud Certificate|DSA Certificate,2,1,1,2,1,1,4,1,2,7,1,67,70,66,62,84,80,79,81,1,0,1,Data Analyst,60.0,Near Ready,SQL|Statistics,SQL & Database Fundamentals|Statistics for Data Analysis,6,Placed
STU0848,Ankit Shetty,Mechanical,6,7.37,83.3,77.5,0,Python,React,Python Certificate|SQL Certificate,1,0,1,1,0,0,2,0,2,4,2,66,66,66,60,84,79,78,80,1,1,1,QA Engineer,60.0,Near Ready,Java|API Testing|Automation Testing,Java for Test Automation|Postman & REST API Testing|Mastering Test Automation & Frameworks,8,Placed
STU0849,Sahil Kulkarni,AI&DS,8,7.02,74.7,61.4,0,Python|Java,React|Spring Boot,Python Certificate,1,2,2,1,1,1,1,1,2,6,1,56,58,54,48,80,74,68,79,0,0,1,Data Analyst,60.0,Near Ready,Python|Statistics|Power BI,Python for Data Analysis|Statistics for Data Analysis|Microsoft Power BI Data Analyst,8,Placed
STU0850,Pranav Iyer,IT,7,7.96,84.8,74.2,0,Python|Java|C++,React|Spring Boot,Python Certificate,1,2,1,2,1,2,1,3,3,8,2,67,70,67,61,84,80,79,84,2,0,1,QA Engineer,80.0,Ready,API Testing,Postman & REST API Testing,4,Placed
STU0851,Aditya Thakur,CSE,6,7.05,69.2,73.3,0,Python|Java,React,Python Certificate,1,1,1,2,1,0,1,1,2,5,0,58,60,50,50,81,75,70,80,1,0,0,QA Engineer,21.5,Needs Training,Java|Selenium|API Testing|Automation Testing,Java for Test Automation|Automation Testing with Selenium|Postman & REST API Testing|Mastering Test Automation & Frameworks,10,Not Placed
STU0852,Nikhil Reddy,IT,8,7.18,77.6,73.1,0,Python|Java,React|Spring Boot|Pandas,,2,2,1,2,1,1,0,1,2,6,0,61,64,61,55,82,76,73,82,0,1,1,QA Engineer,60.0,Near Ready,API Testing|Automation Testing,Postman & REST API Testing|Mastering Test Automation & Frameworks,6,Placed
STU0853,Rahul Chowdhury,CSE,8,9.39,90.8,85.0,0,Python|Java|C++,React|Pandas,,3,1,3,3,1,3,0,4,4,11,3,85,88,88,84,92,90,96,87,3,3,3,Full Stack Developer,95.2,Ready,Java,Java Programming & Spring Boot,4,Placed
STU0854,Isha Chawla,EEE,8,7.57,93.0,87.1,0,Python|Java|C++,React,Python Certificate|SQL Certificate,1,1,2,1,1,2,2,3,4,10,0,81,79,78,79,90,92,92,87,2,0,1,Full Stack Developer,68.5,Near Ready,React|Java|NodeJS|MongoDB,Meta Front-End Development|Java Programming & Spring Boot|Node.js Backend Development|MongoDB Developer Path,10,Placed
STU0855,Nikhil Kumar,CSE,8,6.54,67.0,54.1,1,Python|Java,React,,1,1,1,1,0,1,0,2,2,5,0,49,48,51,40,77,76,62,70,0,0,0,Full Stack Developer,7.9,Needs Training,React|Java|DSA|NodeJS|MongoDB,Meta Front-End Development|Java Programming & Spring Boot|Data Structures & Algorithms|Node.js Backend Development|MongoDB Developer Path,12,Not Placed
STU0856,Zoya Shah,CSE,6,8.39,82.7,89.4,0,Python|Java|C++,React|Spring Boot|Pandas,Python Certificate|SQL Certificate,2,2,2,2,1,2,2,6,4,12,1,75,77,70,71,87,86,86,85,1,0,0,Full Stack Developer,83.6,Ready,Advanced interview practice,Advanced Placement Interview Mastery,4,Placed
STU0857,Shreya Dutta,CSE,7,8.2,87.2,81.1,0,Python|Java|C++,React|Pandas,Python Certificate|SQL Certificate|Cloud Certificate|DSA Certificate,2,1,2,2,1,2,4,4,3,11,3,74,78,75,71,87,86,86,84,1,1,1,Full Stack Developer,85.5,Ready,Java,Java Programming & Spring Boot,4,Placed
STU0858,Vikas Shah,AI&DS,7,7.38,73.2,71.4,2,Python,Pandas,Python Certificate,2,0,0,0,0,0,1,3,3,6,0,51,51,52,41,78,77,63,70,0,0,0,Data Analyst,9.6,Needs Training,SQL|Statistics|Power BI,SQL & Database Fundamentals|Statistics for Data Analysis|Microsoft Power BI Data Analyst,8,Not Placed
STU0859,Akash Rao,IT,8,7.98,81.2,79.2,0,Python|Java|C++,React|Pandas,Python Certificate|SQL Certificate|Cloud Certificate|DSA Certificate|Web Development Certificate,2,1,2,1,1,3,5,0,2,6,0,75,74,79,71,87,79,86,89,4,2,3,QA Engineer,80.0,Ready,Java|Automation Testing,Java for Test Automation|Mastering Test Automation & Frameworks,6,Placed
STU0860,Kavya Reddy,CSE,7,8.84,90.0,85.7,0,Python|Java|C++,React|Pandas|AWS,Python Certificate|SQL Certificate|Cloud Certificate,3,1,2,2,3,3,3,8,5,15,2,83,84,84,82,91,88,95,93,3,0,2,DevOps Engineer,95.1,Ready,Advanced interview practice,Advanced Placement Interview Mastery,4,Placed
STU0861,Anushka Chawla,ECE,7,7.37,63.7,60.3,1,Python,Git,Python Certificate,0,0,1,0,1,0,1,1,2,5,1,51,56,48,42,78,74,64,70,0,0,1,QA Engineer,14.1,Needs Training,Java|Selenium|API Testing|Automation Testing,Java for Test Automation|Automation Testing with Selenium|Postman & REST API Testing|Mastering Test Automation & Frameworks,10,Not Placed
STU0862,Rohan Gupta,AI&DS,7,6.17,58.2,72.0,1,Python|Java,React,,1,1,1,1,1,1,0,2,2,5,0,54,58,52,45,79,78,66,69,0,0,0,QA Engineer,25.8,Needs Training,Java|Selenium|API Testing|Automation Testing,Java for Test Automation|Automation Testing with Selenium|Postman & REST API Testing|Mastering Test Automation & Frameworks,10,Not Placed
STU0863,Yash Reddy,AI&DS,6,8.24,87.1,79.9,0,Python|Java|C++,React|Spring Boot|Pandas,Python Certificate|SQL Certificate,3,3,2,2,1,2,2,1,2,8,1,77,81,78,74,88,85,88,89,1,0,1,Data Analyst,85.6,Ready,Advanced interview practice,Advanced Placement Interview Mastery,4,Placed
STU0864,Vikas Pandey,AI&DS,7,7.7,83.2,81.3,1,Python|Java,React|Pandas,Python Certificate|SQL Certificate,2,1,2,1,0,1,2,5,4,11,0,68,68,65,63,85,84,80,83,1,0,1,Data Analyst,60.0,Near Ready,Statistics,Statistics for Data Analysis,4,Placed
STU0865,Utkarsh Sharma,AI&DS,8,8.47,83.7,77.7,0,Python|Java,React|AWS,,1,1,2,2,2,1,0,2,2,8,1,71,71,70,67,86,86,83,86,2,2,2,QA Engineer,80.0,Ready,Java|API Testing|Automation Testing,Java for Test Automation|Postman & REST API Testing|Mastering Test Automation & Frameworks,8,Placed
STU0866,Akash Pillai,IT,8,7.94,71.0,66.2,0,Python|Java|C++,React|Pandas,Python Certificate|SQL Certificate,2,1,2,1,1,2,2,0,2,5,1,69,69,64,64,85,80,81,83,1,0,1,QA Engineer,60.0,Near Ready,Java|API Testing|Automation Testing,Java for Test Automation|Postman & REST API Testing|Mastering Test Automation & Frameworks,8,Placed
STU0867,Meera Nair,CSE,5,7.24,79.4,75.1,0,Python|Java|C++,React|Spring Boot,Python Certificate,1,2,2,1,0,2,1,1,2,7,2,69,72,66,64,85,85,81,81,1,0,1,QA Engineer,64.7,Near Ready,API Testing|Automation Testing,Postman & REST API Testing|Mastering Test Automation & Frameworks,6,Placed
STU0868,Arjun Pillai,CSE,6,5.91,56.3,56.0,1,Java,Git,Python Certificate,0,1,1,0,0,1,1,0,1,2,0,49,51,48,40,77,74,61,67,0,0,0,QA Engineer,9.4,Needs Training,Java|Selenium|API Testing|Automation Testing,Java for Test Automation|Automation Testing with Selenium|Postman & REST API Testing|Mastering Test Automation & Frameworks,10,Not Placed
STU0869,Sneha Reddy,ECE,5,8.24,93.2,84.6,1,Python|Java|C++,React|Pandas,Python Certificate|SQL Certificate,2,1,2,1,0,2,2,0,2,6,2,77,76,75,74,89,90,89,86,1,2,1,Data Analyst,80.0,Ready,Advanced interview practice,Advanced Placement Interview Mastery,4,Placed
STU0870,Ananya Shetty,EEE,7,8.63,81.9,78.4,0,Python|Java,React|Pandas,,2,1,2,1,1,1,0,2,3,8,2,79,77,79,76,89,87,90,89,1,1,1,Data Analyst,80.0,Ready,Power BI,Microsoft Power BI Data Analyst,4,Placed
STU0871,Karthik Bhat,AI&DS,8,7.48,82.4,78.5,1,Python|Java,React|Spring Boot,Python Certificate|SQL Certificate,1,2,1,1,1,1,2,2,2,6,0,62,65,63,55,82,86,74,79,0,2,1,QA Engineer,60.0,Near Ready,API Testing|Automation Testing,Postman & REST API Testing|Mastering Test Automation & Frameworks,6,Placed
STU0872,Gaurav Deshmukh,CSE,6,7.67,82.4,74.1,0,Python|Java,React,Python Certificate|SQL Certificate|Cloud Certificate|DSA Certificate|Web Development Certificate,1,1,1,1,1,1,6,3,3,8,1,64,67,65,58,83,81,76,76,2,1,2,Full Stack Developer,60.0,Near Ready,React|Java|DSA|NodeJS|MongoDB,Meta Front-End Development|Java Programming & Spring Boot|Data Structures & Algorithms|Node.js Backend Development|MongoDB Developer Path,12,Placed
STU0873,Gaurav Shetty,IT,7,5.08,61.2,60.2,1,Python|Java,React|Pandas,,2,1,0,1,0,0,0,1,2,3,0,46,46,45,40,76,73,59,69,0,0,0,QA Engineer,5.0,Needs Training,Java|Selenium|API Testing|Automation Testing,Java for Test Automation|Automation Testing with Selenium|Postman & REST API Testing|Mastering Test Automation & Frameworks,10,Not Placed
STU0874,Harsh Mehta,AI&DS,8,8.55,76.5,83.6,0,Python|Java|C++,React|Pandas|AWS,Python Certificate|SQL Certificate|Cloud Certificate|DSA Certificate,3,1,2,2,2,2,4,1,2,8,1,71,72,73,66,86,88,83,80,6,0,2,QA Engineer,80.0,Ready,Java|API Testing|Automation Testing,Java for Test Automation|Postman & REST API Testing|Mastering Test Automation & Frameworks,8,Placed
STU0875,Rishabh Singh,CSE,7,8.2,84.3,85.9,1,Python|Java|C++,React|Pandas,Python Certificate|SQL Certificate,2,1,3,2,1,2,2,4,3,11,2,72,74,70,67,86,86,83,86,4,1,2,Full Stack Developer,70.3,Near Ready,Java,Java Programming & Spring Boot,4,Placed
STU0876,Utkarsh Sharma,CSE,7,8.13,73.3,74.3,0,Python|Java,React|Pandas,Python Certificate|SQL Certificate,2,1,2,1,1,1,2,2,2,7,0,64,67,62,58,83,82,76,79,2,0,1,Data Analyst,60.0,Near Ready,Statistics,Statistics for Data Analysis,4,Placed
STU0877,Kavya Chawla,IT,7,8.85,87.5,80.5,0,Python|Java|C++,React|Spring Boot|Pandas,Python Certificate,2,2,1,2,1,3,1,7,4,14,0,78,81,77,75,89,88,90,89,1,2,1,Full Stack Developer,83.7,Ready,MongoDB,MongoDB Developer Path,4,Placed
STU0878,Bhavya Singh,IT,7,7.72,72.9,61.3,0,Python|Java,React|Spring Boot,Python Certificate|SQL Certificate,1,2,2,1,1,1,2,2,2,6,0,61,66,61,54,82,79,73,80,2,0,1,Full Stack Developer,60.0,Near Ready,React|DSA|NodeJS|MongoDB,Meta Front-End Development|Data Structures & Algorithms|Node.js Backend Development|MongoDB Developer Path,10,Placed
STU0879,Shreya Iyer,CSE,6,8.3,73.6,76.0,0,Python|Java,React|Spring Boot,Python Certificate|SQL Certificate,1,2,2,2,1,1,2,4,3,10,2,71,71,70,67,86,84,83,83,0,1,2,QA Engineer,80.0,Ready,API Testing,Postman & REST API Testing,4,Placed
STU0880,Dev Kumar,CSE,7,7.15,58.7,62.1,2,Python|Java,React|Pandas|AWS,,2,1,1,1,2,0,0,1,2,5,1,52,52,49,43,78,72,65,72,0,1,1,QA Engineer,18.2,Needs Training,Java|Selenium|API Testing|Automation Testing,Java for Test Automation|Automation Testing with Selenium|Postman & REST API Testing|Mastering Test Automation & Frameworks,10,Not Placed
STU0881,Yash Chawla,CSE,7,7.74,78.9,75.4,0,Python|Java|C++,React,Python Certificate|SQL Certificate,1,1,1,2,0,2,2,0,1,5,1,64,68,69,58,83,78,76,81,2,0,1,QA Engineer,68.3,Near Ready,Java|API Testing|Automation Testing,Java for Test Automation|Postman & REST API Testing|Mastering Test Automation & Frameworks,8,Placed
STU0882,Aditi Singh,IT,8,7.28,73.8,71.4,0,Python|Java|C++,React|Spring Boot,Python Certificate,1,2,0,1,0,2,1,4,3,9,0,63,64,62,56,82,74,74,76,0,0,1,QA Engineer,60.0,Near Ready,API Testing,Postman & REST API Testing,4,Placed
STU0883,Aarav Shah,CSE,7,8.86,77.0,81.2,0,Python|C++,React|Pandas,Python Certificate|SQL Certificate,3,0,2,2,1,2,2,2,2,8,0,67,69,71,62,84,80,79,78,2,1,2,Data Analyst,69.8,Near Ready,Statistics,Statistics for Data Analysis,4,Placed
STU0884,Isha Deshmukh,CSE,7,7.57,78.5,68.0,0,Python|Java,React|Spring Boot|Pandas,,2,2,1,2,1,1,0,4,3,8,0,60,60,57,53,81,81,72,78,0,0,0,QA Engineer,60.0,Near Ready,API Testing,Postman & REST API Testing,4,Placed
STU0885,Manish Sharma,ECE,6,7.66,82.8,73.5,0,Python,Git,Python Certificate,1,0,0,0,1,0,1,2,2,7,1,63,64,64,57,83,80,75,79,3,0,1,DevOps Engineer,22.7,Needs Training,AWS|Python|Docker|Kubernetes,AWS Cloud Practitioner|Python Automation|Docker & Kubernetes Bootcamp|Kubernetes for DevOps,10,Not Placed
STU0886,Dev Iyer,CSE,7,7.69,83.2,89.5,0,Python|Java|C++,React|Pandas|AWS,Python Certificate,2,1,2,2,2,2,1,3,2,8,3,75,77,73,71,87,88,86,82,3,1,1,Full Stack Developer,68.6,Near Ready,Java|NodeJS|MongoDB,Java Programming & Spring Boot|Node.js Backend Development|MongoDB Developer Path,8,Placed
STU0887,Akash Singh,IT,5,6.42,72.8,73.1,0,Python|Java,React|Pandas|AWS,,2,1,1,1,2,1,0,1,2,5,0,59,60,55,52,81,75,71,73,0,0,0,QA Engineer,20.5,Needs Training,Java|Selenium|API Testing|Automation Testing,Java for Test Automation|Automation Testing with Selenium|Postman & REST API Testing|Mastering Test Automation & Frameworks,10,Not Placed
STU0888,Ishaan Das,CSE,6,6.04,67.6,60.2,0,Python,React,,0,0,1,1,0,1,0,1,2,4,0,45,48,44,40,75,68,58,69,0,0,1,QA Engineer,7.2,Needs Training,Java|Selenium|API Testing|Automation Testing,Java for Test Automation|Automation Testing with Selenium|Postman & REST API Testing|Mastering Test Automation & Frameworks,10,Not Placed
STU0889,Sanjay Kumar,CSE,7,9.32,85.2,87.1,0,Python|Java|C++,React|Spring Boot|Pandas,Python Certificate,3,2,3,2,1,2,1,7,5,14,1,86,88,89,85,92,89,97,92,4,0,2,Full Stack Developer,91.1,Ready,Advanced interview practice,Advanced Placement Interview Mastery,4,Placed
STU0890,Ishaan Gupta,CSE,8,8.57,90.2,83.6,0,Python|Java|C++,React|Spring Boot|Pandas|AWS,Python Certificate|SQL Certificate,2,3,2,2,3,2,2,5,4,12,2,81,81,80,79,90,91,93,92,0,0,1,QA Engineer,94.9,Ready,Advanced interview practice,Advanced Placement Interview Mastery,4,Placed
STU0891,Riya Chowdhury,IT,5,6.28,70.4,58.3,0,Python|Java,React,Python Certificate,1,1,1,1,0,1,1,1,3,4,0,49,51,47,40,77,73,62,71,0,0,1,QA Engineer,15.5,Needs Training,Java|Selenium|API Testing,Java for Test Automation|Automation Testing with Selenium|Postman & REST API Testing,8,Not Placed
STU0892,Rishabh Shah,ECE,7,8.98,86.9,78.0,0,Python|Java,React|Pandas,Python Certificate,2,1,1,1,0,1,1,4,3,9,1,73,71,75,69,87,87,85,85,4,0,2,Full Stack Developer,60.0,Near Ready,React|Java|DSA|MongoDB,Meta Front-End Development|Java Programming & Spring Boot|Data Structures & Algorithms|MongoDB Developer Path,10,Placed
STU0893,Sameer Deshmukh,ECE,8,7.34,64.3,75.0,0,Python|Java,Git,Python Certificate|SQL Certificate,1,1,0,0,1,0,2,0,2,4,0,59,64,54,51,81,77,71,79,1,0,1,QA Engineer,60.0,Near Ready,Java|Selenium|API Testing|Automation Testing,Java for Test Automation|Automation Testing with Selenium|Postman & REST API Testing|Mastering Test Automation & Frameworks,10,Placed
STU0894,Ankit Chowdhury,AI&DS,6,7.19,76.3,76.0,0,Python|Java|C++,React|Spring Boot|Pandas,Python Certificate|SQL Certificate,2,2,2,1,0,2,2,1,2,6,2,68,67,68,63,85,82,80,81,0,1,1,QA Engineer,60.0,Near Ready,API Testing|Automation Testing,Postman & REST API Testing|Mastering Test Automation & Frameworks,6,Placed
STU0895,Sameer Nair,IT,7,7.74,76.0,69.5,0,Python|Java,React|Pandas,,2,1,2,2,0,1,0,3,3,9,0,68,70,67,63,85,85,80,80,0,2,1,Data Analyst,60.0,Near Ready,Statistics|Power BI,Statistics for Data Analysis|Microsoft Power BI Data Analyst,6,Placed
STU0896,Varun Verma,CSE,7,6.86,76.6,83.5,0,Python|Java,React|Spring Boot|Pandas,Python Certificate,2,2,2,2,1,1,1,3,3,7,0,62,63,63,55,82,81,74,77,1,0,0,QA Engineer,60.0,Near Ready,API Testing,Postman & REST API Testing,4,Placed
STU0897,Deepak Pillai,CSE,7,6.52,74.1,69.9,0,Python,Pandas,Python Certificate|SQL Certificate,2,0,1,0,1,0,2,2,2,6,0,55,60,53,47,79,79,67,77,0,0,0,Data Analyst,18.8,Needs Training,SQL|Statistics,SQL & Database Fundamentals|Statistics for Data Analysis,6,Not Placed
STU0898,Yash Agarwal,EEE,6,6.6,80.0,60.3,0,Python,Git,Python Certificate|SQL Certificate,1,0,1,0,0,0,2,2,2,6,1,56,57,53,48,80,74,69,78,1,0,1,QA Engineer,21.4,Needs Training,Java|Selenium|API Testing|Automation Testing,Java for Test Automation|Automation Testing with Selenium|Postman & REST API Testing|Mastering Test Automation & Frameworks,10,Not Placed
STU0899,Kunal Chowdhury,CSE,6,6.34,68.2,64.1,0,Python,Git,Python Certificate,1,0,0,0,0,1,1,4,2,7,0,54,55,56,45,79,73,66,75,0,1,1,QA Engineer,20.2,Needs Training,Java|Selenium|API Testing|Automation Testing,Java for Test Automation|Automation Testing with Selenium|Postman & REST API Testing|Mastering Test Automation & Frameworks,10,Not Placed
STU0900,Vikas Sharma,CSE,7,6.04,68.9,68.2,0,Python|Java,React,Python Certificate,1,1,2,1,1,0,1,1,2,5,0,55,57,51,46,79,76,67,74,0,1,1,Data Analyst,13.9,Needs Training,Python|Statistics|Power BI,Python for Data Analysis|Statistics for Data Analysis|Microsoft Power BI Data Analyst,8,Not Placed
STU0901,Akash Mishra,CSE,7,7.37,83.2,84.6,0,Python|Java,React|Pandas,Python Certificate|SQL Certificate|Cloud Certificate|DSA Certificate,2,1,1,2,1,1,4,2,3,8,1,64,67,64,58,83,78,76,78,0,0,1,Data Analyst,60.0,Near Ready,SQL|Statistics,SQL & Database Fundamentals|Statistics for Data Analysis,6,Placed
STU0902,Pooja Das,CSE,5,6.5,73.8,61.9,1,Python|Java,Spring Boot,Python Certificate,1,2,1,0,0,0,1,2,2,6,0,56,53,51,48,80,74,68,76,0,0,1,QA Engineer,22.2,Needs Training,Selenium|API Testing|Automation Testing,Automation Testing with Selenium|Postman & REST API Testing|Mastering Test Automation & Frameworks,8,Not Placed
STU0903,Zoya Kumar,CSE,7,6.72,89.8,87.0,0,Python|Java|C++,React|Pandas|AWS,Python Certificate|SQL Certificate,2,1,1,2,2,2,2,5,3,11,1,73,70,71,69,87,84,85,88,1,0,1,Full Stack Developer,65.6,Near Ready,Java|MongoDB,Java Programming & Spring Boot|MongoDB Developer Path,6,Placed
STU0904,Sahil Thakur,IT,5,10.0,91.3,96.8,0,Python|Java|C++,React|Spring Boot|Pandas|AWS,Python Certificate|SQL Certificate,2,2,2,3,2,2,2,4,4,11,1,83,84,83,81,91,91,94,91,3,3,3,Full Stack Developer,94.2,Ready,Advanced interview practice,Advanced Placement Interview Mastery,4,Placed
STU0905,Rahul Gupta,AI&DS,7,7.46,67.6,66.0,1,Python|Java|C++,React|Pandas,Python Certificate,2,1,2,1,1,2,1,2,3,6,2,58,57,50,50,80,77,70,76,1,0,1,Data Analyst,60.0,Near Ready,Statistics|Power BI,Statistics for Data Analysis|Microsoft Power BI Data Analyst,6,Placed
STU0906,Anish Mehta,EEE,6,7.55,73.2,75.5,0,Python|Java,React,Python Certificate|SQL Certificate,1,1,1,1,1,1,2,4,4,8,0,68,65,66,62,84,78,79,78,0,2,1,QA Engineer,60.0,Near Ready,Java|API Testing,Java for Test Automation|Postman & REST API Testing,6,Placed
STU0907,Utkarsh Singh,ECE,8,8.01,74.2,73.3,0,Python,Git,,1,0,2,0,1,1,0,8,4,13,0,71,68,72,66,86,85,83,86,3,0,1,QA Engineer,60.0,Near Ready,Java|API Testing,Java for Test Automation|Postman & REST API Testing,6,Placed
STU0908,Ananya Singh,AI&DS,6,7.39,85.1,78.0,0,Python|Java|C++,React|Spring Boot|Pandas,,2,2,2,1,1,3,0,5,4,10,2,70,69,72,66,86,85,82,85,0,0,0,Full Stack Developer,71.4,Near Ready,React,Meta Front-End Development,4,Placed
STU0909,Kavya Kulkarni,CSE,6,8.42,84.6,75.5,0,Python|Java|C++,React|Pandas,Python Certificate|SQL Certificate,2,1,1,1,1,2,2,2,2,8,3,66,71,60,60,84,78,78,84,1,0,1,QA Engineer,68.0,Near Ready,Java|API Testing|Automation Testing,Java for Test Automation|Postman & REST API Testing|Mastering Test Automation & Frameworks,8,Placed
STU0910,Vedant Deshmukh,AI&DS,5,9.19,93.2,85.6,0,Python|Java|C++,React|Spring Boot|Pandas,Python Certificate|SQL Certificate|Cloud Certificate,2,3,2,2,1,2,3,7,4,14,0,74,76,76,70,87,84,85,83,3,1,2,Full Stack Developer,93.0,Ready,Advanced interview practice,Advanced Placement Interview Mastery,4,Placed
STU0911,Siddharth Thakur,IT,6,8.06,86.1,85.9,0,Python|C++,React|Pandas,Python Certificate,2,0,2,1,1,2,1,5,4,11,1,71,71,76,66,86,84,82,83,1,1,1,DevOps Engineer,60.0,Near Ready,AWS|Kubernetes,AWS Cloud Practitioner|Kubernetes for DevOps,6,Placed
STU0912,Manish Rao,CSE,8,6.77,73.9,59.4,0,Python|Java,Git,,1,1,1,0,0,1,0,1,3,5,0,50,53,48,40,77,72,62,72,0,0,0,Data Analyst,11.7,Needs Training,Python|SQL|Statistics|Power BI,Python for Data Analysis|SQL & Database Fundamentals|Statistics for Data Analysis|Microsoft Power BI Data Analyst,10,Not Placed
STU0913,Utkarsh Agarwal,IT,8,8.46,82.1,71.0,0,Python|Java|C++,React|Spring Boot|Pandas,Python Certificate|SQL Certificate|Cloud Certificate|DSA Certificate|Web Development Certificate,2,2,2,3,1,2,5,3,3,9,0,75,75,78,72,88,84,87,83,3,0,1,Full Stack Developer,81.8,Ready,NodeJS|MongoDB,Node.js Backend Development|MongoDB Developer Path,6,Placed
STU0914,Khushi Chowdhury,AI&DS,6,7.72,79.3,82.9,0,Python|Java|C++,React|Spring Boot|Pandas,Python Certificate|SQL Certificate,2,2,2,2,1,2,2,5,4,12,2,75,78,72,72,88,86,87,87,1,2,2,Full Stack Developer,82.6,Ready,Advanced interview practice,Advanced Placement Interview Mastery,4,Placed
STU0915,Sameer Kulkarni,IT,7,6.53,76.1,69.9,0,Python|Java,React|Spring Boot,,1,2,0,2,0,1,0,2,2,7,0,56,57,57,47,79,73,68,77,0,0,0,Full Stack Developer,21.5,Needs Training,DSA|NodeJS|MongoDB,Data Structures & Algorithms|Node.js Backend Development|MongoDB Developer Path,8,Not Placed
STU0916,Priya Kumar,AI&DS,7,7.6,80.4,76.8,0,Python|Java|C++,React|Spring Boot|Pandas,,2,2,2,2,1,2,0,2,3,7,0,65,67,62,59,83,79,77,82,1,0,1,Full Stack Developer,60.0,Near Ready,NodeJS|MongoDB,Node.js Backend Development|MongoDB Developer Path,6,Placed
STU0917,Abhinav Kumar,CSE,8,7.96,84.0,79.2,0,Python|Java|C++,React|Spring Boot|Pandas,Python Certificate|SQL Certificate|Cloud Certificate,2,2,2,1,1,2,3,5,4,10,0,73,73,71,69,87,84,85,88,3,0,2,Full Stack Developer,60.0,Near Ready,React,Meta Front-End Development,4,Placed
STU0918,Vikas Pandey,EEE,7,7.18,78.3,73.9,0,Python,Git,Python Certificate,1,0,1,0,0,0,1,4,2,9,1,62,65,61,55,82,80,74,75,1,1,1,QA Engineer,60.0,Near Ready,Java|API Testing|Automation Testing,Java for Test Automation|Postman & REST API Testing|Mastering Test Automation & Frameworks,8,Placed
STU0919,Rishabh Bhat,ECE,6,8.53,88.2,93.7,1,Python|Java,React,Python Certificate|SQL Certificate,1,1,2,1,1,1,2,6,4,13,0,78,78,78,75,89,86,89,89,1,2,2,QA Engineer,80.0,Ready,Java,Java for Test Automation,4,Placed
STU0920,Deepak Chawla,CSE,7,9.82,100.0,98.6,0,Python|Java|C++,React|Spring Boot|Pandas|AWS,Python Certificate,3,3,2,3,3,3,1,7,4,15,0,93,95,93,94,95,94,100,97,4,1,2,Full Stack Developer,98.0,Ready,Advanced interview practice,Advanced Placement Interview Mastery,4,Placed
STU0921,Gaurav Das,ECE,7,6.74,78.2,65.7,0,Python,Git,Python Certificate,0,0,0,0,0,0,1,2,2,5,1,55,56,54,47,79,72,67,69,0,1,1,QA Engineer,13.6,Needs Training,Java|Selenium|API Testing|Automation Testing,Java for Test Automation|Automation Testing with Selenium|Postman & REST API Testing|Mastering Test Automation & Frameworks,10,Not Placed
STU0922,Rahul Dutta,AI&DS,5,5.59,69.7,59.6,0,Python,Git,Python Certificate,0,0,1,0,1,1,1,0,1,3,1,48,49,45,40,76,70,60,65,0,0,0,QA Engineer,7.9,Needs Training,Java|Selenium|API Testing|Automation Testing,Java for Test Automation|Automation Testing with Selenium|Postman & REST API Testing|Mastering Test Automation & Frameworks,10,Not Placed
STU0923,Harsh Das,EEE,7,7.45,84.7,76.7,0,Python|Java,React,,1,1,1,1,1,1,0,4,3,9,0,68,68,64,63,85,84,80,82,2,1,2,QA Engineer,60.0,Near Ready,Java|API Testing,Java for Test Automation|Postman & REST API Testing,6,Placed
STU0924,Meera Shetty,ECE,6,7.58,86.3,91.3,0,Python|Java|C++,React,Python Certificate|SQL Certificate|Cloud Certificate|DSA Certificate|Web Development Certificate,1,1,2,1,0,2,5,6,4,12,1,73,76,75,69,87,82,85,82,1,3,3,QA Engineer,80.0,Ready,Java|API Testing,Java for Test Automation|Postman & REST API Testing,6,Placed
STU0925,Rohan Rao,AI&DS,7,7.76,73.8,71.8,0,Python|Java|C++,React|Pandas|AWS,Python Certificate,2,1,2,2,2,2,1,4,3,9,1,62,68,59,55,82,78,74,80,2,0,1,Full Stack Developer,60.0,Near Ready,Java,Java Programming & Spring Boot,4,Placed
STU0926,Pranav Yadav,CSE,5,7.9,93.4,88.0,0,Python|Java,React|Spring Boot|Pandas|AWS,Python Certificate|SQL Certificate|Cloud Certificate|DSA Certificate,2,3,3,2,2,1,4,3,2,9,3,82,79,84,80,91,87,94,89,2,2,2,QA Engineer,93.8,Ready,Automation Testing,Mastering Test Automation & Frameworks,4,Placed
STU0927,Ankit Mehta,CSE,7,6.74,60.3,60.1,1,Python,React,Python Certificate|SQL Certificate,0,0,1,1,0,1,2,0,2,3,0,49,49,50,40,77,73,61,72,0,0,0,QA Engineer,10.7,Needs Training,Java|Selenium|API Testing|Automation Testing,Java for Test Automation|Automation Testing with Selenium|Postman & REST API Testing|Mastering Test Automation & Frameworks,10,Not Placed
STU0928,Priya Mehta,AI&DS,7,8.89,88.8,87.8,0,Python|Java|C++,React|Pandas,Python Certificate|SQL Certificate|Cloud Certificate,3,1,2,1,1,2,3,3,3,10,2,73,80,68,69,87,85,85,84,2,1,1,DevOps Engineer,80.0,Ready,AWS|Docker|Kubernetes,AWS Cloud Practitioner|Docker & Kubernetes Bootcamp|Kubernetes for DevOps,8,Placed
STU0929,Yash Iyer,IT,7,6.74,67.2,81.3,0,Python|Java|C++,React|Spring Boot,Python Certificate|SQL Certificate|Cloud Certificate,1,2,1,1,1,2,3,3,2,7,0,57,59,55,50,80,78,69,75,1,0,1,QA Engineer,60.0,Near Ready,Selenium|API Testing|Automation Testing,Automation Testing with Selenium|Postman & REST API Testing|Mastering Test Automation & Frameworks,8,Placed
STU0930,Nikhil Singh,CSE,5,7.92,93.2,93.2,0,Python|Java|C++,React|Spring Boot|Pandas,Python Certificate|SQL Certificate,3,2,2,2,1,3,2,5,4,13,1,85,87,86,84,92,87,97,90,4,4,3,Full Stack Developer,90.0,Ready,Advanced interview practice,Advanced Placement Interview Mastery,4,Placed
STU0931,Zoya Kapoor,CSE,7,9.31,89.7,93.4,0,Python|Java|C++,React|Spring Boot|Pandas|AWS,Python Certificate|SQL Certificate|Cloud Certificate|DSA Certificate,3,2,3,2,2,2,4,7,5,15,1,89,87,89,88,93,96,100,97,5,1,2,DevOps Engineer,94.3,Ready,Advanced interview practice,Advanced Placement Interview Mastery,4,Placed
STU0932,Riya Gupta,ECE,7,6.7,74.6,68.3,0,Python,Git,Python Certificate,0,0,1,0,1,0,1,2,2,5,0,56,56,55,47,79,76,68,74,0,1,1,QA Engineer,17.9,Needs Training,Java|Selenium|API Testing|Automation Testing,Java for Test Automation|Automation Testing with Selenium|Postman & REST API Testing|Mastering Test Automation & Frameworks,10,Not Placed
STU0933,Anish Shetty,Mechanical,7,6.45,73.4,55.7,0,Python|Java,Git,,1,1,1,0,0,0,0,0,1,3,0,58,59,56,50,81,77,70,74,1,0,1,QA Engineer,19.3,Needs Training,Java|Selenium|API Testing|Automation Testing,Java for Test Automation|Automation Testing with Selenium|Postman & REST API Testing|Mastering Test Automation & Frameworks,10,Not Placed
STU0934,Anish Gupta,AI&DS,7,8.1,76.9,87.2,0,Python|Java|C++,React|Spring Boot|Pandas|AWS,Python Certificate,2,2,2,2,2,2,1,5,3,11,0,75,76,72,71,88,91,87,86,4,1,2,Data Analyst,80.0,Ready,Power BI,Microsoft Power BI Data Analyst,4,Placed
STU0935,Priya Kumar,CSE,7,7.88,77.0,72.3,1,Python|Java,React|Pandas,,2,1,2,1,1,1,0,3,3,8,1,60,64,59,53,81,79,72,73,2,0,1,QA Engineer,60.0,Near Ready,Java|API Testing,Java for Test Automation|Postman & REST API Testing,6,Placed
STU0936,Ishaan Yadav,CSE,8,7.79,74.7,77.2,0,Python|Java,React|Spring Boot|Pandas,Python Certificate|SQL Certificate,2,2,2,1,1,1,2,2,2,7,1,64,62,60,58,83,82,76,78,1,0,2,Data Analyst,60.0,Near Ready,Statistics,Statistics for Data Analysis,4,Placed
STU0937,Nikhil Pillai,CSE,6,7.06,82.6,71.0,1,Python|Java,React|Spring Boot|Pandas,,2,2,1,1,1,1,0,4,3,9,0,65,62,62,59,83,82,77,78,1,0,0,QA Engineer,60.0,Near Ready,API Testing,Postman & REST API Testing,4,Placed
STU0938,Arjun Bhat,EEE,8,5.0,62.6,55.4,1,Python,Git,,0,0,0,0,0,0,0,0,1,1,0,42,45,46,40,74,71,54,67,0,0,1,QA Engineer,5.0,Needs Training,Java|Selenium|API Testing|Automation Testing,Java for Test Automation|Automation Testing with Selenium|Postman & REST API Testing|Mastering Test Automation & Frameworks,10,Not Placed
STU0939,Akash Deshmukh,CSE,7,7.32,79.9,72.4,0,Python|Java,React|Spring Boot,Python Certificate,1,2,1,2,1,1,1,3,3,7,0,65,66,64,58,83,81,76,83,1,0,1,Full Stack Developer,60.0,Near Ready,DSA|NodeJS|MongoDB,Data Structures & Algorithms|Node.js Backend Development|MongoDB Developer Path,8,Placed
STU0940,Siddharth Bhat,IT,5,6.7,67.7,74.9,0,Python|Java,React|Spring Boot,,1,2,2,1,1,0,0,2,2,6,1,56,61,56,48,80,76,69,73,1,0,1,QA Engineer,60.0,Near Ready,Selenium|API Testing|Automation Testing,Automation Testing with Selenium|Postman & REST API Testing|Mastering Test Automation & Frameworks,8,Placed
STU0941,Meera Saxena,CSE,5,7.25,71.1,68.3,0,Python|Java,React,Python Certificate|SQL Certificate,1,1,1,2,0,0,2,0,2,4,0,59,59,60,51,81,76,71,79,0,1,1,QA Engineer,25.9,Needs Training,Java|Selenium|API Testing|Automation Testing,Java for Test Automation|Automation Testing with Selenium|Postman & REST API Testing|Mastering Test Automation & Frameworks,10,Not Placed
STU0942,Anushka Das,IT,6,8.68,87.3,100.0,0,Python|Java|C++,React|Spring Boot|Pandas|AWS,Python Certificate|SQL Certificate|Cloud Certificate,3,2,2,3,2,3,3,3,4,11,0,82,86,84,80,91,89,94,91,3,2,2,Full Stack Developer,93.8,Ready,NodeJS|MongoDB,Node.js Backend Development|MongoDB Developer Path,6,Placed
STU0943,Neha Chawla,IT,7,6.5,72.2,66.3,0,Python,React,,1,0,1,1,1,0,0,1,2,5,2,50,53,49,40,77,75,62,69,0,0,0,QA Engineer,25.8,Needs Training,Java|Selenium|API Testing|Automation Testing,Java for Test Automation|Automation Testing with Selenium|Postman & REST API Testing|Mastering Test Automation & Frameworks,10,Not Placed
STU0944,Yash Jain,ECE,7,9.28,92.9,74.7,0,Python|Java,React|Spring Boot|Pandas,Python Certificate,2,2,1,1,1,0,1,3,3,9,1,74,76,75,71,87,87,86,87,2,0,1,QA Engineer,82.7,Ready,Advanced interview practice,Advanced Placement Interview Mastery,4,Placed
STU0945,Priya Chawla,CSE,7,7.63,71.7,71.7,0,Python|Java,React|Pandas,Python Certificate|SQL Certificate|Cloud Certificate,2,1,2,2,0,0,3,6,4,11,0,61,60,59,54,82,78,73,76,2,1,1,Full Stack Developer,60.0,Near Ready,Java|DSA,Java Programming & Spring Boot|Data Structures & Algorithms,6,Placed
STU0946,Deepak Verma,CSE,7,7.2,81.1,68.6,0,Python|Java,React,,1,1,2,1,1,1,0,3,3,8,0,61,61,55,54,82,80,73,80,3,1,1,QA Engineer,60.0,Near Ready,Java|API Testing,Java for Test Automation|Postman & REST API Testing,6,Placed
STU0947,Khushi Kulkarni,CSE,7,8.2,73.5,68.9,0,Python|Java|C++,React|Spring Boot|Pandas,Python Certificate|SQL Certificate,2,2,3,1,0,2,2,4,3,9,2,74,76,72,70,87,86,86,83,1,0,1,QA Engineer,80.1,Ready,Advanced interview practice,Advanced Placement Interview Mastery,4,Placed
STU0948,Kunal Shah,EEE,5,7.66,74.7,87.7,0,Python,React,Python Certificate,0,0,1,1,0,1,1,4,3,8,2,69,70,71,64,85,80,81,85,2,2,2,Full Stack Developer,60.0,Near Ready,React|Java|DSA|MongoDB,Meta Front-End Development|Java Programming & Spring Boot|Data Structures & Algorithms|MongoDB Developer Path,10,Placed
STU0949,Ankit Deshmukh,EEE,6,8.66,77.8,84.4,0,Python,Git,Python Certificate|SQL Certificate,1,0,1,0,1,0,2,3,3,9,0,72,73,72,67,86,83,83,82,0,1,1,QA Engineer,60.0,Near Ready,Java|API Testing,Java for Test Automation|Postman & REST API Testing,6,Placed
STU0950,Sameer Reddy,IT,7,8.15,79.0,86.9,0,Python|Java|C++,React,Python Certificate|SQL Certificate|Cloud Certificate,1,1,2,2,1,2,3,2,3,8,1,76,73,74,73,88,87,88,81,1,0,1,QA Engineer,80.0,Ready,Java,Java for Test Automation,4,Placed
STU0951,Bhavya Saxena,IT,5,7.19,67.4,73.0,0,Python|Java,React|Spring Boot,Python Certificate,1,2,2,2,1,1,1,3,3,7,0,61,63,66,54,82,79,73,76,0,0,1,Full Stack Developer,60.0,Near Ready,DSA|NodeJS|MongoDB,Data Structures & Algorithms|Node.js Backend Development|MongoDB Developer Path,8,Placed
STU0952,Riya Nair,IT,6,6.91,75.2,61.2,0,Python|Java,Git,Python Certificate,1,1,1,0,0,1,1,3,2,6,0,57,58,54,49,80,73,69,71,2,0,1,QA Engineer,26.4,Needs Training,Java|Selenium|API Testing|Automation Testing,Java for Test Automation|Automation Testing with Selenium|Postman & REST API Testing|Mastering Test Automation & Frameworks,10,Not Placed
STU0953,Ankit Shah,CSE,7,6.16,68.2,62.3,1,Python|Java,Git,Python Certificate,1,1,1,0,1,0,1,2,2,5,0,52,53,47,42,78,76,64,72,0,0,0,Data Analyst,9.3,Needs Training,Python|SQL|Statistics|Power BI,Python for Data Analysis|SQL & Database Fundamentals|Statistics for Data Analysis|Microsoft Power BI Data Analyst,10,Not Placed
STU0954,Siddharth Shah,EEE,7,5.99,73.3,72.6,0,Python,Git,Python Certificate|SQL Certificate,1,0,1,0,0,1,2,3,2,6,1,55,58,53,46,79,75,67,77,0,0,0,Data Analyst,15.0,Needs Training,Python|SQL|Statistics,Python for Data Analysis|SQL & Database Fundamentals|Statistics for Data Analysis,8,Not Placed
STU0955,Anushka Jain,AI&DS,8,10.0,100.0,95.2,0,Python|Java|C++,React|Spring Boot|Pandas|AWS,Python Certificate|SQL Certificate|Cloud Certificate|DSA Certificate,3,3,3,3,3,3,4,7,5,16,3,100,96,98,100,98,100,100,100,6,3,3,Full Stack Developer,98.0,Ready,Advanced interview practice,Advanced Placement Interview Mastery,4,Placed
STU0956,Kavya Deshmukh,AI&DS,8,8.71,89.3,71.0,0,Python|Java|C++,React|Spring Boot|Pandas,Python Certificate|SQL Certificate,2,2,2,2,1,2,2,4,3,11,0,80,83,81,77,90,88,91,87,4,1,1,QA Engineer,84.1,Ready,Advanced interview practice,Advanced Placement Interview Mastery,4,Placed
STU0957,Harsh Pillai,AI&DS,7,6.4,70.5,61.5,0,Python|Java,Git,,1,1,1,0,0,0,0,1,2,4,2,49,56,49,40,77,69,61,70,0,0,1,QA Engineer,16.7,Needs Training,Java|Selenium|API Testing|Automation Testing,Java for Test Automation|Automation Testing with Selenium|Postman & REST API Testing|Mastering Test Automation & Frameworks,10,Not Placed
STU0958,Priya Chawla,CSE,7,5.91,67.1,62.2,1,Java,React,Python Certificate|SQL Certificate|Cloud Certificate,0,1,1,1,1,0,3,1,2,4,0,49,51,47,40,77,71,61,68,0,0,0,QA Engineer,13.7,Needs Training,Java|Selenium|API Testing|Automation Testing,Java for Test Automation|Automation Testing with Selenium|Postman & REST API Testing|Mastering Test Automation & Frameworks,10,Not Placed
STU0959,Siddharth Jain,CSE,7,8.59,75.9,80.2,0,Python|Java|C++,React,Python Certificate|SQL Certificate|Cloud Certificate,1,1,2,1,0,3,3,2,2,7,1,71,73,69,66,86,85,82,85,1,1,1,QA Engineer,67.6,Near Ready,Java|API Testing|Automation Testing,Java for Test Automation|Postman & REST API Testing|Mastering Test Automation & Frameworks,8,Placed
STU0960,Varun Kulkarni,IT,7,7.61,87.7,84.3,2,Python|Java,React|Spring Boot,Python Certificate|SQL Certificate|Cloud Certificate|DSA Certificate|Web Development Certificate,1,2,2,1,1,1,5,3,3,8,1,71,71,65,67,86,83,83,83,1,1,1,QA Engineer,70.2,Near Ready,API Testing,Postman & REST API Testing,4,Placed
STU0961,Zoya Pandey,CSE,5,8.9,79.4,83.8,0,Python|Java|C++,React|Pandas,Python Certificate|SQL Certificate|Cloud Certificate,2,1,3,2,0,2,3,4,3,10,0,71,73,71,67,86,85,83,85,1,1,1,Full Stack Developer,64.1,Near Ready,Java,Java Programming & Spring Boot,4,Placed
STU0962,Siddharth Sharma,IT,7,6.37,71.3,74.3,0,Python|Java,React|Pandas,,2,1,1,1,0,1,0,3,3,6,0,62,61,58,55,82,80,74,76,0,0,0,QA Engineer,26.3,Needs Training,Java|API Testing,Java for Test Automation|Postman & REST API Testing,6,Not Placed
STU0963,Utkarsh Kapoor,CSE,8,7.59,76.1,81.0,1,Python|Java|C++,React,Python Certificate,1,1,1,1,1,2,1,3,3,8,1,63,65,58,57,83,82,75,79,1,1,1,QA Engineer,60.0,Near Ready,Java|API Testing,Java for Test Automation|Postman & REST API Testing,6,Placed
STU0964,Yash Shetty,AI&DS,6,8.07,76.1,68.8,1,Python|Java|C++,React,Python Certificate|SQL Certificate,1,1,2,2,1,2,2,1,2,6,0,69,69,68,64,85,84,80,82,1,1,1,QA Engineer,60.0,Near Ready,Java|API Testing|Automation Testing,Java for Test Automation|Postman & REST API Testing|Mastering Test Automation & Frameworks,8,Placed
STU0965,Abhinav Iyer,CSE,7,7.19,76.6,78.8,0,Python|Java,React|Pandas,Python Certificate|SQL Certificate|Cloud Certificate|DSA Certificate|Web Development Certificate,2,1,1,2,1,1,6,1,2,6,2,66,69,66,60,84,80,78,78,3,1,1,QA Engineer,80.0,Ready,Java|API Testing|Automation Testing,Java for Test Automation|Postman & REST API Testing|Mastering Test Automation & Frameworks,8,Placed
STU0966,Aditi Patel,AI&DS,7,5.49,62.0,58.8,0,Python,Git,Python Certificate,1,0,0,0,0,0,1,1,2,3,0,40,43,40,40,72,68,51,66,1,0,1,QA Engineer,5.0,Needs Training,Java|Selenium|API Testing|Automation Testing,Java for Test Automation|Automation Testing with Selenium|Postman & REST API Testing|Mastering Test Automation & Frameworks,10,Not Placed
STU0967,Kavya Thakur,IT,6,7.91,77.9,65.5,0,Python|Java,React,Python Certificate|SQL Certificate,1,1,1,2,1,0,2,2,2,7,0,62,64,59,55,82,82,74,79,1,3,2,QA Engineer,60.0,Near Ready,Java|API Testing|Automation Testing,Java for Test Automation|Postman & REST API Testing|Mastering Test Automation & Frameworks,8,Placed
STU0968,Karthik Joshi,CSE,6,5.54,66.7,58.3,1,Python|Java|C++,React,,1,1,0,1,0,2,0,0,1,3,0,55,55,52,46,79,71,67,74,0,0,0,QA Engineer,15.0,Needs Training,Java|Selenium|API Testing|Automation Testing,Java for Test Automation|Automation Testing with Selenium|Postman & REST API Testing|Mastering Test Automation & Frameworks,10,Not Placed
STU0969,Meera Shah,IT,6,7.93,77.0,72.1,0,Python|Java|C++,React|Pandas,Python Certificate|SQL Certificate|Cloud Certificate|DSA Certificate|Web Development Certificate,2,1,1,1,1,2,5,1,2,6,1,67,70,65,61,84,82,79,86,2,0,0,QA Engineer,60.0,Near Ready,Java|API Testing|Automation Testing,Java for Test Automation|Postman & REST API Testing|Mastering Test Automation & Frameworks,8,Placed
STU0970,Aarav Patel,AI&DS,5,9.24,100.0,97.9,0,Python|Java|C++,React|Spring Boot|Pandas|AWS,Python Certificate|SQL Certificate|Cloud Certificate|DSA Certificate|Web Development Certificate,3,2,3,3,2,3,9,4,4,13,1,100,98,100,100,98,96,100,95,6,0,3,Full Stack Developer,98.0,Ready,Advanced interview practice,Advanced Placement Interview Mastery,4,Placed
STU0971,Bhavya Deshmukh,IT,5,7.38,83.4,82.8,0,Python|Java,Pandas,Python Certificate|SQL Certificate,2,1,2,0,0,1,2,3,3,8,0,69,66,68,64,85,87,81,82,2,2,2,Data Analyst,60.0,Near Ready,Statistics,Statistics for Data Analysis,4,Placed
STU0972,Yash Rao,EEE,8,8.0,85.9,68.5,0,Python|Java,Git,,1,1,2,0,0,1,0,1,2,5,0,61,65,56,54,82,81,73,74,1,0,1,QA Engineer,60.0,Near Ready,Java|API Testing|Automation Testing,Java for Test Automation|Postman & REST API Testing|Mastering Test Automation & Frameworks,8,Placed
STU0973,Ananya Singh,IT,6,8.13,91.3,78.2,0,Python|Java|C++,React|Spring Boot|Pandas|AWS,Python Certificate,2,2,2,1,2,3,1,4,3,11,0,76,79,76,72,88,86,87,90,2,0,1,QA Engineer,82.4,Ready,Advanced interview practice,Advanced Placement Interview Mastery,4,Placed
STU0974,Ishaan Pandey,CSE,7,7.4,87.6,75.7,0,Python|Java|C++,React|Pandas,,2,1,3,2,1,2,0,3,3,8,0,71,71,65,66,86,86,82,83,1,0,0,Full Stack Developer,60.0,Near Ready,Java|NodeJS|MongoDB,Java Programming & Spring Boot|Node.js Backend Development|MongoDB Developer Path,8,Placed
STU0975,Aditi Gupta,CSE,6,7.82,74.4,85.5,0,Python|Java|C++,React|Spring Boot|Pandas|AWS,Python Certificate|SQL Certificate,2,2,2,2,2,2,2,4,3,10,2,70,70,68,65,85,85,81,84,0,0,1,Full Stack Developer,80.0,Ready,Advanced interview practice,Advanced Placement Interview Mastery,4,Placed
STU0976,Ishaan Agarwal,CSE,8,9.14,86.7,80.5,0,Python|Java|C++,React|Pandas,Python Certificate|SQL Certificate|Cloud Certificate,2,1,2,1,1,2,3,2,3,9,1,72,78,72,68,86,82,84,85,2,2,2,Data Analyst,85.5,Ready,Advanced interview practice,Advanced Placement Interview Mastery,4,Placed
STU0977,Gaurav Rao,IT,6,8.64,94.2,92.4,0,Python|Java|C++,React|Spring Boot|Pandas|AWS,Python Certificate|SQL Certificate|Cloud Certificate,2,2,3,3,2,3,3,3,4,11,3,89,89,90,89,94,89,100,94,4,1,2,Full Stack Developer,95.4,Ready,NodeJS|MongoDB,Node.js Backend Development|MongoDB Developer Path,6,Placed
STU0978,Pranav Chowdhury,CSE,7,5.84,66.2,64.2,0,Python|Java,React,Python Certificate,1,1,2,1,1,0,1,4,3,6,0,51,52,50,42,78,73,64,66,0,1,1,QA Engineer,18.5,Needs Training,Java|Selenium|API Testing,Java for Test Automation|Automation Testing with Selenium|Postman & REST API Testing,8,Not Placed
STU0979,Meera Patel,AI&DS,8,8.72,82.6,87.0,0,Python|Java|C++,React|Spring Boot,Python Certificate|SQL Certificate|Cloud Certificate,1,2,2,2,1,2,3,5,4,11,0,70,76,72,66,86,86,82,83,2,0,2,QA Engineer,84.2,Ready,API Testing,Postman & REST API Testing,4,Placed
STU0980,Nikhil Joshi,IT,8,7.5,75.3,62.2,1,Python|Java,React|Pandas,,2,1,0,1,1,1,0,3,3,6,0,54,55,57,45,79,75,66,78,0,1,0,Data Analyst,18.3,Needs Training,SQL|Statistics|Power BI,SQL & Database Fundamentals|Statistics for Data Analysis|Microsoft Power BI Data Analyst,8,Not Placed
STU0981,Deepak Mehta,AI&DS,6,8.0,84.9,87.9,0,Python|Java|C++,React|Spring Boot|Pandas|AWS,Python Certificate|SQL Certificate|Cloud Certificate,2,2,2,2,2,2,3,1,2,8,3,71,75,73,67,86,81,83,82,1,0,0,QA Engineer,88.9,Ready,API Testing|Automation Testing,Postman & REST API Testing|Mastering Test Automation & Frameworks,6,Placed
STU0982,Rishabh Deshmukh,ECE,8,5.96,66.3,68.0,0,Python,React,Python Certificate|SQL Certificate|Cloud Certificate,0,0,1,1,1,0,3,2,2,5,0,54,55,51,45,79,73,66,72,0,0,0,QA Engineer,12.1,Needs Training,Java|Selenium|API Testing|Automation Testing,Java for Test Automation|Automation Testing with Selenium|Postman & REST API Testing|Mastering Test Automation & Frameworks,10,Not Placed
STU0983,Utkarsh Gupta,CSE,7,8.13,78.4,70.3,0,Python|Java,React|Pandas,,2,1,1,2,1,1,0,0,2,4,0,60,65,60,52,81,81,72,76,0,0,1,QA Engineer,60.0,Near Ready,Java|API Testing|Automation Testing,Java for Test Automation|Postman & REST API Testing|Mastering Test Automation & Frameworks,8,Placed
STU0984,Akash Singh,CSE,7,8.0,72.5,87.3,0,Python|Java,React,Python Certificate|SQL Certificate,1,1,1,1,1,1,2,2,2,6,1,61,64,62,54,82,84,73,80,0,1,1,QA Engineer,60.0,Near Ready,Java|API Testing|Automation Testing,Java for Test Automation|Postman & REST API Testing|Mastering Test Automation & Frameworks,8,Placed
STU0985,Chaitanya Jain,IT,5,8.82,86.9,77.4,0,Python|Java|C++,React|Spring Boot|Pandas,Python Certificate|SQL Certificate|Cloud Certificate|DSA Certificate|Web Development Certificate,2,2,2,2,1,2,6,4,2,10,0,76,79,79,73,88,85,88,91,3,1,2,QA Engineer,87.5,Ready,Automation Testing,Mastering Test Automation & Frameworks,4,Placed
STU0986,Varun Verma,AI&DS,5,8.01,83.8,81.1,0,Python|Java|C++,React|Pandas|AWS,Python Certificate,2,1,2,2,2,2,1,5,4,10,0,76,77,72,72,88,84,87,89,1,0,1,Full Stack Developer,63.5,Near Ready,Java,Java Programming & Spring Boot,4,Placed
STU0987,Zoya Gupta,IT,7,6.23,66.9,56.4,1,Python|Java,React,,1,1,2,1,1,0,0,4,3,7,0,50,54,41,40,77,75,62,69,0,0,1,QA Engineer,16.7,Needs Training,Java|Selenium|API Testing,Java for Test Automation|Automation Testing with Selenium|Postman & REST API Testing,8,Not Placed
STU0988,Kavya Chowdhury,AI&DS,7,7.47,82.3,81.2,0,Python|Java|C++,Spring Boot|Pandas,Python Certificate,2,2,1,0,1,2,1,4,3,10,0,65,65,67,59,84,78,77,78,1,0,1,QA Engineer,60.0,Near Ready,API Testing,Postman & REST API Testing,4,Placed
STU0989,Yash Das,CSE,7,6.96,67.1,78.7,0,Python|Java,Git,Python Certificate|SQL Certificate|Cloud Certificate|DSA Certificate,1,1,1,0,0,0,4,3,2,6,1,56,58,54,48,80,72,68,79,0,0,0,QA Engineer,60.0,Near Ready,Java|Selenium|API Testing|Automation Testing,Java for Test Automation|Automation Testing with Selenium|Postman & REST API Testing|Mastering Test Automation & Frameworks,10,Placed
STU0990,Sahil Kulkarni,ECE,7,6.97,77.7,73.7,0,Python,Git,Python Certificate,0,0,0,0,0,0,1,5,3,8,0,50,50,49,40,77,68,62,66,0,0,0,Data Analyst,6.7,Needs Training,Python|SQL|Statistics|Power BI,Python for Data Analysis|SQL & Database Fundamentals|Statistics for Data Analysis|Microsoft Power BI Data Analyst,10,Not Placed
STU0991,Rahul Das,ECE,7,7.72,67.2,80.4,0,Java,Git,Python Certificate,0,1,1,0,1,0,1,1,2,5,0,62,66,62,55,82,78,74,78,2,1,2,QA Engineer,60.0,Near Ready,Java|API Testing|Automation Testing,Java for Test Automation|Postman & REST API Testing|Mastering Test Automation & Frameworks,8,Placed
STU0992,Kavya Reddy,IT,6,6.65,72.5,71.0,1,Python|Java,React|Pandas,Python Certificate,2,1,2,1,0,1,1,1,2,5,1,61,65,56,54,82,81,73,82,2,0,1,Data Analyst,60.0,Near Ready,Statistics|Power BI,Statistics for Data Analysis|Microsoft Power BI Data Analyst,6,Placed
STU0993,Karthik Agarwal,CSE,7,10.0,99.3,94.6,0,Python|Java|C++,React|Spring Boot|Pandas|AWS,Python Certificate|SQL Certificate|Cloud Certificate,3,3,3,2,2,3,3,4,4,12,0,94,92,92,95,95,100,100,93,4,1,2,QA Engineer,96.8,Ready,Advanced interview practice,Advanced Placement Interview Mastery,4,Placed
STU0994,Anushka Shah,IT,5,8.09,84.4,68.9,0,Python|Java|C++,React|Spring Boot|Pandas,Python Certificate,2,2,2,1,1,2,1,5,4,11,1,70,69,70,65,85,85,82,83,1,0,1,Data Analyst,80.0,Ready,Statistics|Power BI,Statistics for Data Analysis|Microsoft Power BI Data Analyst,6,Placed
STU0995,Priya Kumar,AI&DS,7,6.47,66.5,74.8,2,Python|Java,Pandas,,2,1,1,0,0,0,0,1,2,3,0,48,51,47,40,76,68,60,70,1,0,0,Data Analyst,6.4,Needs Training,SQL|Statistics|Power BI,SQL & Database Fundamentals|Statistics for Data Analysis|Microsoft Power BI Data Analyst,8,Not Placed
STU0996,Khushi Saxena,CSE,7,7.67,73.2,72.7,0,Python|Java|C++,Git,,1,1,1,0,1,2,0,0,2,5,0,58,56,58,50,80,75,70,76,1,0,1,QA Engineer,26.0,Needs Training,Java|Selenium|API Testing|Automation Testing,Java for Test Automation|Automation Testing with Selenium|Postman & REST API Testing|Mastering Test Automation & Frameworks,10,Not Placed
STU0997,Zoya Deshmukh,EEE,8,7.97,88.2,81.2,0,Python,React,Python Certificate,1,0,2,2,1,1,1,4,3,9,1,77,75,74,74,88,85,88,86,3,2,2,QA Engineer,80.0,Ready,Java,Java for Test Automation,4,Placed
STU0998,Sahil Agarwal,CSE,5,9.57,93.6,100.0,0,Python|Java|C++,React|Spring Boot|Pandas|AWS,Python Certificate|SQL Certificate,3,3,3,3,2,2,2,6,5,15,3,90,89,91,90,94,97,100,95,1,1,1,Full Stack Developer,98.0,Ready,Advanced interview practice,Advanced Placement Interview Mastery,4,Placed
STU0999,Yash Joshi,Mechanical,5,5.65,72.3,54.9,1,Python,Git,,1,0,0,0,0,1,0,2,2,5,0,46,45,43,40,75,73,58,69,0,0,0,QA Engineer,9.2,Needs Training,Java|Selenium|API Testing|Automation Testing,Java for Test Automation|Automation Testing with Selenium|Postman & REST API Testing|Mastering Test Automation & Frameworks,10,Not Placed
STU1000,Aditya Nair,AI&DS,6,5.0,67.2,60.5,1,Python,React,,0,0,0,1,0,0,0,1,2,3,0,42,42,42,40,74,69,55,64,0,0,0,QA Engineer,6.9,Needs Training,Java|Selenium|API Testing|Automation Testing,Java for Test Automation|Automation Testing with Selenium|Postman & REST API Testing|Mastering Test Automation & Frameworks,10,Not Placed
STU1001,harsha h,AI&DS,7,9.0,93.0,89.0,0,Python|Java,React,Python Certificate|SQL Certificate,2,1,2,1,1,2,2,3,3,3,2,70,66,78,51,62,78,71,75,3,2,3,Data Analyst,59.6,Near Ready,General Aptitude|Communication & Soft Skills|Python|SQL|Coding Performance,Python for Data Science & Data Analysis|SQL & Database Fundamentals for Analytics|Statistics for Data Science & Predictive Modeling|Microsoft Power BI Data Analyst Certification|Advanced Excel & Tableau Dashboard Mastery|Placement Interview Mastery & Behavioral Drill Suite,12,Placed
STU1002,rohit,CSE,7,7.5,78.0,75.0,0,Python|Java,React|Pandas,Python Certificate|SQL Certificate,2,1,2,1,1,2,2,3,3,6,1,70,72,68,65,80,78,75,79,2,1,1,Full Stack Developer,47.7,Needs Training,React|Java|Coding Performance,Meta Front-End Developer Professional Certificate|Java Programming & Spring Boot Masterclass|Data Structures & Algorithms in Java/Python|MongoDB & Node.js Backend Architecture|Full Stack Web Development Capstone|Placement Interview Mastery & Behavioral Drill Suite,11,Not Placed
STU1003,mohith,CSE,7,7.5,78.0,75.0,0,Python|Java,React|Pandas,Python Certificate|SQL Certificate,2,2,2,1,1,2,2,3,3,6,1,70,72,68,65,80,78,75,79,3,1,1,Full Stack Developer,46.2,Needs Training,React|Coding Performance,Meta Front-End Developer Professional Certificate|Java Programming & Spring Boot Masterclass|Data Structures & Algorithms in Java/Python|MongoDB & Node.js Backend Architecture|Full Stack Web Development Capstone|Placement Interview Mastery & Behavioral Drill Suite,10,Not Placed
